idx,MNIST_y
1,6
2,9
3,2
4,6
5,7
6,6
7,1
8,4
9,7
10,1
11,1
12,1
13,3
14,9
15,0
16,2
17,7
18,2
19,4
20,6
21,5
22,4
23,6
24,0
25,1
26,6
27,1
28,7
29,8
30,5
31,0
32,3
33,7
34,8
35,1
36,3
37,0
38,7
39,8
40,4
41,7
42,7
43,7
44,2
45,1
46,0
47,8
48,0
49,3
50,6
51,6
52,2
53,7
54,0
55,7
56,1
57,7
58,2
59,8
60,7
61,6
62,6
63,2
64,8
65,7
66,7
67,2
68,5
69,5
70,8
71,7
72,8
73,7
74,6
75,8
76,6
77,7
78,0
79,6
80,5
81,0
82,4
83,1
84,5
85,7
86,6
87,0
88,1
89,0
90,7
91,2
92,5
93,6
94,6
95,1
96,6
97,2
98,8
99,2
100,8
101,5
102,5
103,0
104,2
105,2
106,3
107,1
108,5
109,7
110,1
111,3
112,3
113,6
114,6
115,8
116,4
117,8
118,8
119,3
120,0
121,2
122,0
123,5
124,3
125,3
126,7
127,8
128,3
129,6
130,1
131,3
132,8
133,7
134,6
135,5
136,1
137,1
138,0
139,0
140,6
141,7
142,9
143,3
144,2
145,1
146,4
147,8
148,2
149,7
150,1
151,7
152,1
153,8
154,3
155,7
156,4
157,4
158,5
159,3
160,1
161,6
162,4
163,9
164,4
165,8
166,3
167,2
168,5
169,8
170,1
171,8
172,2
173,0
174,8
175,8
176,3
177,9
178,0
179,9
180,1
181,1
182,4
183,9
184,5
185,5
186,4
187,9
188,1
189,5
190,9
191,9
192,2
193,9
194,3
195,7
196,1
197,9
198,5
199,4
200,4
201,9
202,0
203,9
204,4
205,5
206,1
207,8
208,1
209,9
210,9
211,2
212,8
213,1
214,8
215,5
216,5
217,8
218,8
219,3
220,9
221,6
222,5
223,5
224,4
225,4
226,6
227,3
228,8
229,7
230,8
231,4
232,2
233,8
234,9
235,2
236,7
237,1
238,1
239,7
240,2
241,5
242,1
243,0
244,2
245,2
246,2
247,0
248,8
249,0
250,3
251,3
252,4
253,9
254,0
255,4
256,2
257,9
258,7
259,6
260,2
261,1
262,3
263,0
264,2
265,8
266,0
267,3
268,2
269,5
270,5
271,4
272,9
273,5
274,0
275,9
276,4
277,1
278,4
279,6
280,8
281,2
282,8
283,1
284,0
285,8
286,8
287,1
288,0
289,4
290,4
291,8
292,1
293,0
294,0
295,3
296,9
297,8
298,9
299,8
300,7
301,9
302,3
303,0
304,0
305,8
306,7
307,0
308,1
309,1
310,9
311,6
312,8
313,9
314,7
315,4
316,5
317,2
318,3
319,7
320,5
321,4
322,1
323,4
324,0
325,4
326,6
327,1
328,4
329,1
330,5
331,0
332,4
333,2
334,5
335,9
336,0
337,2
338,4
339,6
340,0
341,8
342,1
343,4
344,4
345,8
346,7
347,8
348,6
349,6
350,2
351,6
352,0
353,8
354,9
355,6
356,9
357,8
358,1
359,9
360,6
361,0
362,7
363,4
364,9
365,6
366,2
367,2
368,7
369,9
370,2
371,5
372,0
373,8
374,1
375,9
376,5
377,8
378,9
379,3
380,8
381,0
382,8
383,5
384,7
385,0
386,5
387,8
388,1
389,3
390,9
391,4
392,2
393,9
394,3
395,5
396,3
397,1
398,5
399,4
400,6
401,9
402,4
403,6
404,5
405,7
406,2
407,3
408,9
409,0
410,9
411,5
412,2
413,1
414,6
415,2
416,7
417,3
418,6
419,9
420,6
421,6
422,3
423,4
424,6
425,5
426,1
427,2
428,7
429,2
430,6
431,3
432,9
433,8
434,5
435,2
436,6
437,1
438,7
439,8
440,6
441,8
442,8
443,1
444,9
445,3
446,6
447,9
448,1
449,7
450,2
451,4
452,1
453,2
454,9
455,4
456,5
457,7
458,3
459,0
460,3
461,8
462,8
463,3
464,7
465,2
466,5
467,8
468,3
469,2
470,8
471,8
472,4
473,8
474,0
475,6
476,0
477,4
478,6
479,0
480,0
481,3
482,9
483,5
484,1
485,1
486,2
487,3
488,6
489,4
490,8
491,1
492,4
493,9
494,2
495,0
496,2
497,3
498,1
499,2
500,0
501,1
502,4
503,0
504,1
505,1
506,6
507,5
508,3
509,7
510,3
511,3
512,3
513,0
514,4
515,1
516,1
517,0
518,8
519,1
520,5
521,3
522,2
523,1
524,6
525,9
526,2
527,7
528,9
529,1
530,7
531,7
532,3
533,1
534,2
535,1
536,0
537,6
538,8
539,9
540,7
541,4
542,2
543,4
544,2
545,0
546,5
547,2
548,4
549,0
550,0
551,3
552,0
553,9
554,7
555,2
556,2
557,3
558,0
559,6
560,9
561,7
562,3
563,1
564,6
565,4
566,1
567,4
568,5
569,7
570,4
571,4
572,5
573,9
574,5
575,9
576,9
577,9
578,0
579,9
580,9
581,9
582,2
583,7
584,9
585,5
586,2
587,0
588,6
589,0
590,8
591,9
592,0
593,1
594,4
595,1
596,4
597,6
598,4
599,2
600,1
601,6
602,2
603,5
604,8
605,0
606,3
607,0
608,6
609,3
610,6
611,9
612,8
613,7
614,3
615,7
616,2
617,8
618,1
619,9
620,2
621,3
622,8
623,7
624,0
625,0
626,7
627,4
628,3
629,3
630,0
631,5
632,4
633,3
634,5
635,5
636,7
637,9
638,4
639,4
640,2
641,3
642,6
643,1
644,7
645,5
646,6
647,7
648,9
649,4
650,2
651,6
652,7
653,5
654,1
655,8
656,8
657,6
658,3
659,5
660,0
661,8
662,7
663,5
664,4
665,2
666,3
667,0
668,4
669,6
670,6
671,1
672,7
673,7
674,4
675,2
676,2
677,1
678,8
679,5
680,5
681,9
682,8
683,1
684,2
685,9
686,7
687,2
688,7
689,3
690,2
691,3
692,7
693,5
694,7
695,7
696,5
697,6
698,0
699,9
700,4
701,4
702,8
703,7
704,7
705,1
706,4
707,6
708,0
709,4
710,0
711,0
712,3
713,3
714,8
715,1
716,7
717,9
718,6
719,8
720,1
721,4
722,6
723,5
724,2
725,6
726,2
727,9
728,9
729,0
730,0
731,4
732,8
733,6
734,1
735,6
736,6
737,8
738,0
739,6
740,5
741,4
742,2
743,1
744,4
745,7
746,1
747,3
748,6
749,6
750,6
751,0
752,4
753,1
754,2
755,6
756,0
757,8
758,9
759,0
760,1
761,4
762,5
763,2
764,1
765,9
766,4
767,8
768,9
769,7
770,1
771,4
772,6
773,0
774,2
775,6
776,1
777,6
778,3
779,0
780,6
781,6
782,9
783,9
784,9
785,8
786,3
787,0
788,9
789,0
790,2
791,1
792,8
793,1
794,8
795,9
796,3
797,3
798,8
799,2
800,1
801,1
802,6
803,4
804,8
805,2
806,1
807,2
808,7
809,5
810,8
811,8
812,0
813,0
814,8
815,5
816,3
817,8
818,7
819,5
820,7
821,4
822,7
823,8
824,0
825,4
826,6
827,3
828,7
829,8
830,0
831,0
832,7
833,7
834,2
835,7
836,0
837,7
838,1
839,7
840,6
841,9
842,1
843,0
844,6
845,6
846,3
847,2
848,7
849,9
850,9
851,7
852,7
853,9
854,4
855,0
856,4
857,6
858,8
859,2
860,0
861,7
862,7
863,4
864,9
865,7
866,6
867,9
868,1
869,1
870,5
871,8
872,0
873,9
874,0
875,2
876,5
877,9
878,7
879,9
880,7
881,9
882,5
883,5
884,0
885,1
886,9
887,3
888,3
889,3
890,0
891,0
892,0
893,6
894,6
895,2
896,2
897,6
898,3
899,5
900,5
901,7
902,3
903,3
904,7
905,6
906,5
907,1
908,2
909,4
910,4
911,9
912,9
913,5
914,1
915,3
916,1
917,6
918,4
919,3
920,7
921,7
922,8
923,5
924,3
925,9
926,7
927,1
928,9
929,7
930,0
931,9
932,2
933,3
934,9
935,0
936,4
937,5
938,0
939,7
940,3
941,4
942,8
943,7
944,1
945,8
946,9
947,3
948,7
949,1
950,8
951,5
952,4
953,0
954,0
955,0
956,7
957,2
958,6
959,4
960,2
961,2
962,7
963,3
964,7
965,0
966,4
967,7
968,2
969,8
970,1
971,9
972,7
973,3
974,9
975,8
976,6
977,2
978,2
979,3
980,4
981,0
982,6
983,7
984,1
985,9
986,8
987,3
988,2
989,6
990,2
991,7
992,3
993,0
994,3
995,3
996,9
997,3
998,2
999,9
1000,0
1001,7
1002,3
1003,6
1004,9
1005,3
1006,3
1007,3
1008,3
1009,7
1010,8
1011,6
1012,8
1013,2
1014,4
1015,8
1016,7
1017,5
1018,6
1019,4
1020,6
1021,7
1022,0
1023,9
1024,2
1025,8
1026,1
1027,5
1028,4
1029,2
1030,2
1031,9
1032,3
1033,4
1034,6
1035,2
1036,1
1037,9
1038,9
1039,2
1040,1
1041,1
1042,1
1043,8
1044,7
1045,2
1046,0
1047,2
1048,8
1049,1
1050,0
1051,5
1052,1
1053,6
1054,4
1055,0
1056,2
1057,9
1058,4
1059,9
1060,7
1061,6
1062,5
1063,0
1064,3
1065,1
1066,0
1067,8
1068,3
1069,4
1070,3
1071,8
1072,1
1073,6
1074,9
1075,3
1076,2
1077,8
1078,9
1079,2
1080,4
1081,7
1082,7
1083,6
1084,4
1085,0
1086,4
1087,1
1088,5
1089,8
1090,7
1091,1
1092,0
1093,3
1094,7
1095,2
1096,0
1097,6
1098,0
1099,4
1100,5
1101,5
1102,8
1103,2
1104,4
1105,0
1106,5
1107,6
1108,2
1109,2
1110,2
1111,1
1112,9
1113,5
1114,9
1115,5
1116,4
1117,0
1118,6
1119,7
1120,9
1121,1
1122,5
1123,4
1124,8
1125,8
1126,3
1127,4
1128,0
1129,8
1130,1
1131,5
1132,1
1133,4
1134,0
1135,8
1136,8
1137,1
1138,7
1139,9
1140,7
1141,9
1142,8
1143,5
1144,8
1145,8
1146,4
1147,4
1148,9
1149,9
1150,6
1151,6
1152,3
1153,7
1154,2
1155,5
1156,2
1157,7
1158,0
1159,7
1160,1
1161,9
1162,8
1163,8
1164,3
1165,6
1166,6
1167,5
1168,8
1169,7
1170,7
1171,1
1172,2
1173,5
1174,4
1175,4
1176,1
1177,2
1178,1
1179,1
1180,4
1181,1
1182,3
1183,6
1184,3
1185,9
1186,5
1187,1
1188,4
1189,5
1190,4
1191,2
1192,0
1193,0
1194,0
1195,4
1196,2
1197,4
1198,3
1199,2
1200,2
1201,1
1202,6
1203,7
1204,5
1205,6
1206,7
1207,1
1208,3
1209,9
1210,9
1211,4
1212,0
1213,2
1214,9
1215,6
1216,7
1217,9
1218,0
1219,8
1220,8
1221,9
1222,2
1223,2
1224,8
1225,1
1226,2
1227,5
1228,6
1229,2
1230,0
1231,7
1232,4
1233,8
1234,9
1235,1
1236,2
1237,6
1238,2
1239,3
1240,3
1241,6
1242,5
1243,0
1244,2
1245,3
1246,0
1247,0
1248,4
1249,2
1250,0
1251,1
1252,7
1253,5
1254,0
1255,8
1256,2
1257,9
1258,3
1259,2
1260,7
1261,9
1262,2
1263,2
1264,9
1265,9
1266,6
1267,3
1268,5
1269,2
1270,9
1271,4
1272,9
1273,8
1274,3
1275,6
1276,5
1277,0
1278,3
1279,3
1280,0
1281,3
1282,7
1283,7
1284,7
1285,1
1286,7
1287,2
1288,9
1289,9
1290,5
1291,1
1292,1
1293,0
1294,6
1295,1
1296,2
1297,1
1298,7
1299,6
1300,5
1301,3
1302,0
1303,7
1304,6
1305,0
1306,6
1307,2
1308,1
1309,6
1310,3
1311,5
1312,1
1313,7
1314,3
1315,7
1316,3
1317,1
1318,3
1319,7
1320,7
1321,7
1322,2
1323,8
1324,3
1325,4
1326,9
1327,1
1328,2
1329,4
1330,9
1331,1
1332,5
1333,7
1334,7
1335,6
1336,8
1337,0
1338,2
1339,1
1340,7
1341,6
1342,9
1343,0
1344,1
1345,2
1346,9
1347,7
1348,9
1349,1
1350,1
1351,1
1352,8
1353,1
1354,5
1355,0
1356,5
1357,3
1358,7
1359,7
1360,2
1361,6
1362,0
1363,0
1364,3
1365,8
1366,1
1367,2
1368,4
1369,8
1370,6
1371,1
1372,3
1373,9
1374,2
1375,1
1376,4
1377,4
1378,5
1379,8
1380,7
1381,7
1382,5
1383,7
1384,7
1385,7
1386,2
1387,4
1388,8
1389,4
1390,0
1391,2
1392,3
1393,4
1394,1
1395,7
1396,0
1397,7
1398,9
1399,1
1400,0
1401,5
1402,1
1403,4
1404,4
1405,0
1406,6
1407,9
1408,7
1409,7
1410,3
1411,1
1412,4
1413,1
1414,6
1415,6
1416,9
1417,7
1418,8
1419,2
1420,2
1421,0
1422,5
1423,5
1424,5
1425,7
1426,2
1427,5
1428,0
1429,4
1430,1
1431,7
1432,8
1433,9
1434,1
1435,8
1436,5
1437,3
1438,0
1439,4
1440,4
1441,1
1442,9
1443,8
1444,1
1445,7
1446,5
1447,0
1448,3
1449,1
1450,0
1451,4
1452,2
1453,7
1454,9
1455,1
1456,9
1457,2
1458,2
1459,7
1460,0
1461,2
1462,5
1463,1
1464,5
1465,8
1466,2
1467,1
1468,0
1469,3
1470,1
1471,2
1472,9
1473,4
1474,9
1475,9
1476,2
1477,8
1478,1
1479,9
1480,2
1481,9
1482,4
1483,1
1484,5
1485,3
1486,0
1487,8
1488,0
1489,6
1490,9
1491,3
1492,3
1493,2
1494,0
1495,6
1496,8
1497,9
1498,3
1499,5
1500,9
1501,0
1502,2
1503,2
1504,3
1505,5
1506,1
1507,1
1508,7
1509,5
1510,7
1511,4
1512,8
1513,3
1514,4
1515,4
1516,6
1517,4
1518,8
1519,7
1520,7
1521,5
1522,0
1523,5
1524,9
1525,4
1526,4
1527,4
1528,3
1529,0
1530,1
1531,4
1532,0
1533,5
1534,4
1535,1
1536,4
1537,1
1538,6
1539,6
1540,3
1541,4
1542,0
1543,1
1544,7
1545,0
1546,2
1547,2
1548,7
1549,2
1550,4
1551,0
1552,1
1553,6
1554,1
1555,4
1556,1
1557,2
1558,0
1559,0
1560,4
1561,9
1562,8
1563,4
1564,5
1565,0
1566,4
1567,6
1568,4
1569,0
1570,8
1571,7
1572,8
1573,5
1574,8
1575,9
1576,7
1577,6
1578,2
1579,0
1580,1
1581,3
1582,8
1583,3
1584,1
1585,0
1586,6
1587,7
1588,8
1589,8
1590,9
1591,6
1592,7
1593,1
1594,3
1595,3
1596,6
1597,4
1598,7
1599,1
1600,3
1601,7
1602,6
1603,2
1604,3
1605,4
1606,1
1607,2
1608,1
1609,8
1610,4
1611,3
1612,7
1613,8
1614,8
1615,7
1616,1
1617,3
1618,8
1619,7
1620,8
1621,2
1622,9
1623,1
1624,2
1625,3
1626,2
1627,6
1628,3
1629,1
1630,8
1631,3
1632,4
1633,1
1634,1
1635,8
1636,7
1637,7
1638,4
1639,8
1640,2
1641,3
1642,7
1643,0
1644,4
1645,0
1646,8
1647,3
1648,6
1649,3
1650,5
1651,1
1652,3
1653,4
1654,7
1655,0
1656,5
1657,4
1658,3
1659,7
1660,2
1661,9
1662,9
1663,3
1664,7
1665,4
1666,0
1667,2
1668,3
1669,1
1670,2
1671,9
1672,6
1673,6
1674,5
1675,6
1676,1
1677,9
1678,9
1679,0
1680,4
1681,3
1682,3
1683,1
1684,2
1685,6
1686,5
1687,2
1688,1
1689,6
1690,9
1691,1
1692,4
1693,4
1694,3
1695,8
1696,6
1697,2
1698,2
1699,2
1700,9
1701,5
1702,2
1703,4
1704,3
1705,9
1706,0
1707,2
1708,7
1709,7
1710,6
1711,3
1712,1
1713,1
1714,0
1715,2
1716,3
1717,5
1718,0
1719,8
1720,8
1721,4
1722,7
1723,7
1724,1
1725,4
1726,7
1727,5
1728,6
1729,4
1730,9
1731,1
1732,0
1733,2
1734,6
1735,9
1736,2
1737,8
1738,7
1739,6
1740,2
1741,9
1742,6
1743,8
1744,6
1745,6
1746,1
1747,1
1748,0
1749,8
1750,6
1751,2
1752,2
1753,3
1754,6
1755,4
1756,8
1757,8
1758,9
1759,7
1760,3
1761,8
1762,3
1763,2
1764,4
1765,2
1766,0
1767,3
1768,5
1769,0
1770,4
1771,6
1772,1
1773,6
1774,5
1775,5
1776,6
1777,7
1778,0
1779,5
1780,4
1781,5
1782,8
1783,5
1784,3
1785,3
1786,5
1787,4
1788,9
1789,0
1790,3
1791,2
1792,2
1793,2
1794,4
1795,7
1796,8
1797,7
1798,4
1799,0
1800,1
1801,3
1802,0
1803,9
1804,2
1805,7
1806,3
1807,8
1808,0
1809,6
1810,1
1811,7
1812,6
1813,1
1814,5
1815,8
1816,1
1817,0
1818,1
1819,5
1820,5
1821,4
1822,6
1823,5
1824,3
1825,9
1826,1
1827,8
1828,3
1829,8
1830,3
1831,5
1832,7
1833,3
1834,4
1835,7
1836,0
1837,1
1838,7
1839,8
1840,4
1841,4
1842,7
1843,2
1844,1
1845,3
1846,0
1847,3
1848,1
1849,3
1850,1
1851,9
1852,3
1853,2
1854,3
1855,4
1856,9
1857,7
1858,2
1859,8
1860,9
1861,1
1862,8
1863,8
1864,7
1865,2
1866,4
1867,6
1868,7
1869,8
1870,2
1871,2
1872,3
1873,7
1874,2
1875,3
1876,4
1877,0
1878,5
1879,3
1880,2
1881,8
1882,1
1883,4
1884,6
1885,7
1886,7
1887,9
1888,4
1889,6
1890,2
1891,9
1892,9
1893,2
1894,3
1895,1
1896,2
1897,5
1898,9
1899,2
1900,2
1901,4
1902,2
1903,0
1904,5
1905,1
1906,6
1907,8
1908,9
1909,2
1910,4
1911,4
1912,0
1913,2
1914,2
1915,7
1916,1
1917,9
1918,8
1919,1
1920,7
1921,6
1922,9
1923,4
1924,7
1925,4
1926,4
1927,7
1928,4
1929,1
1930,8
1931,2
1932,7
1933,1
1934,5
1935,4
1936,4
1937,7
1938,0
1939,9
1940,6
1941,3
1942,1
1943,3
1944,2
1945,5
1946,2
1947,5
1948,3
1949,3
1950,7
1951,7
1952,9
1953,4
1954,4
1955,6
1956,2
1957,2
1958,3
1959,3
1960,8
1961,9
1962,7
1963,8
1964,6
1965,4
1966,1
1967,1
1968,2
1969,6
1970,6
1971,9
1972,3
1973,1
1974,8
1975,2
1976,5
1977,2
1978,3
1979,2
1980,9
1981,4
1982,0
1983,5
1984,4
1985,8
1986,8
1987,2
1988,9
1989,5
1990,2
1991,9
1992,4
1993,6
1994,4
1995,9
1996,1
1997,5
1998,7
1999,2
2000,3
2001,9
2002,3
2003,0
2004,6
2005,6
2006,7
2007,5
2008,9
2009,8
2010,0
2011,7
2012,2
2013,6
2014,6
2015,9
2016,3
2017,9
2018,0
2019,5
2020,8
2021,5
2022,6
2023,4
2024,2
2025,6
2026,9
2027,9
2028,3
2029,2
2030,7
2031,1
2032,5
2033,9
2034,6
2035,0
2036,8
2037,6
2038,8
2039,4
2040,3
2041,5
2042,2
2043,8
2044,5
2045,9
2046,2
2047,1
2048,7
2049,9
2050,1
2051,9
2052,6
2053,5
2054,9
2055,7
2056,1
2057,4
2058,0
2059,6
2060,2
2061,9
2062,9
2063,7
2064,2
2065,4
2066,0
2067,2
2068,0
2069,9
2070,1
2071,1
2072,4
2073,0
2074,3
2075,5
2076,2
2077,6
2078,0
2079,2
2080,0
2081,3
2082,7
2083,9
2084,2
2085,1
2086,7
2087,0
2088,3
2089,3
2090,8
2091,3
2092,3
2093,1
2094,1
2095,7
2096,3
2097,8
2098,6
2099,5
2100,9
2101,7
2102,9
2103,6
2104,1
2105,1
2106,1
2107,2
2108,0
2109,7
2110,5
2111,1
2112,3
2113,6
2114,1
2115,1
2116,0
2117,3
2118,9
2119,0
2120,8
2121,6
2122,5
2123,1
2124,3
2125,6
2126,9
2127,4
2128,9
2129,1
2130,8
2131,4
2132,3
2133,3
2134,1
2135,5
2136,0
2137,4
2138,8
2139,3
2140,2
2141,1
2142,0
2143,9
2144,7
2145,0
2146,0
2147,0
2148,2
2149,3
2150,3
2151,3
2152,0
2153,5
2154,8
2155,9
2156,3
2157,3
2158,9
2159,4
2160,0
2161,1
2162,1
2163,6
2164,1
2165,8
2166,1
2167,2
2168,7
2169,2
2170,3
2171,7
2172,1
2173,2
2174,5
2175,3
2176,5
2177,3
2178,4
2179,0
2180,3
2181,0
2182,5
2183,2
2184,3
2185,8
2186,7
2187,9
2188,1
2189,5
2190,1
2191,3
2192,6
2193,1
2194,4
2195,3
2196,8
2197,3
2198,9
2199,6
2200,8
2201,1
2202,4
2203,5
2204,0
2205,6
2206,5
2207,9
2208,1
2209,3
2210,6
2211,8
2212,7
2213,5
2214,2
2215,1
2216,5
2217,6
2218,3
2219,9
2220,1
2221,8
2222,7
2223,0
2224,9
2225,7
2226,0
2227,8
2228,6
2229,2
2230,6
2231,6
2232,2
2233,2
2234,6
2235,8
2236,9
2237,1
2238,0
2239,3
2240,4
2241,1
2242,9
2243,8
2244,7
2245,9
2246,5
2247,7
2248,3
2249,8
2250,2
2251,9
2252,2
2253,4
2254,0
2255,4
2256,7
2257,6
2258,7
2259,3
2260,8
2261,0
2262,5
2263,1
2264,7
2265,9
2266,6
2267,7
2268,5
2269,7
2270,4
2271,8
2272,6
2273,2
2274,1
2275,1
2276,7
2277,1
2278,3
2279,0
2280,9
2281,3
2282,1
2283,7
2284,1
2285,9
2286,2
2287,4
2288,3
2289,6
2290,4
2291,7
2292,6
2293,6
2294,1
2295,0
2296,0
2297,2
2298,0
2299,8
2300,5
2301,9
2302,6
2303,5
2304,9
2305,5
2306,6
2307,8
2308,2
2309,6
2310,3
2311,9
2312,2
2313,3
2314,2
2315,6
2316,8
2317,5
2318,8
2319,1
2320,7
2321,2
2322,8
2323,4
2324,0
2325,3
2326,1
2327,0
2328,0
2329,0
2330,5
2331,3
2332,0
2333,7
2334,7
2335,4
2336,0
2337,5
2338,8
2339,9
2340,6
2341,7
2342,2
2343,5
2344,2
2345,2
2346,1
2347,1
2348,9
2349,1
2350,0
2351,8
2352,8
2353,3
2354,0
2355,5
2356,7
2357,8
2358,8
2359,1
2360,8
2361,2
2362,7
2363,6
2364,9
2365,9
2366,1
2367,1
2368,7
2369,4
2370,3
2371,7
2372,2
2373,5
2374,9
2375,0
2376,5
2377,9
2378,1
2379,0
2380,8
2381,5
2382,9
2383,6
2384,0
2385,1
2386,1
2387,3
2388,1
2389,7
2390,6
2391,1
2392,2
2393,9
2394,9
2395,8
2396,9
2397,8
2398,7
2399,4
2400,3
2401,0
2402,9
2403,4
2404,1
2405,6
2406,5
2407,0
2408,8
2409,6
2410,2
2411,3
2412,6
2413,4
2414,1
2415,1
2416,6
2417,9
2418,2
2419,8
2420,8
2421,8
2422,1
2423,8
2424,2
2425,4
2426,9
2427,0
2428,4
2429,5
2430,2
2431,9
2432,3
2433,1
2434,8
2435,9
2436,8
2437,2
2438,0
2439,8
2440,1
2441,6
2442,5
2443,8
2444,0
2445,1
2446,0
2447,6
2448,0
2449,0
2450,2
2451,0
2452,1
2453,5
2454,9
2455,4
2456,8
2457,2
2458,8
2459,8
2460,3
2461,2
2462,9
2463,1
2464,6
2465,2
2466,8
2467,3
2468,3
2469,2
2470,3
2471,1
2472,0
2473,5
2474,5
2475,9
2476,4
2477,8
2478,6
2479,2
2480,8
2481,4
2482,1
2483,4
2484,6
2485,3
2486,3
2487,3
2488,1
2489,7
2490,7
2491,2
2492,0
2493,0
2494,1
2495,4
2496,8
2497,7
2498,0
2499,7
2500,5
2501,7
2502,9
2503,7
2504,3
2505,7
2506,5
2507,1
2508,0
2509,0
2510,6
2511,1
2512,6
2513,7
2514,7
2515,0
2516,3
2517,4
2518,3
2519,1
2520,6
2521,1
2522,4
2523,9
2524,4
2525,7
2526,4
2527,4
2528,8
2529,3
2530,1
2531,3
2532,2
2533,3
2534,1
2535,2
2536,8
2537,9
2538,6
2539,8
2540,3
2541,9
2542,5
2543,8
2544,1
2545,5
2546,6
2547,6
2548,4
2549,8
2550,5
2551,0
2552,8
2553,7
2554,9
2555,8
2556,0
2557,5
2558,4
2559,1
2560,2
2561,2
2562,4
2563,6
2564,6
2565,1
2566,4
2567,9
2568,9
2569,3
2570,1
2571,0
2572,5
2573,4
2574,6
2575,2
2576,2
2577,0
2578,6
2579,1
2580,9
2581,3
2582,4
2583,3
2584,7
2585,5
2586,3
2587,9
2588,3
2589,6
2590,6
2591,6
2592,5
2593,7
2594,5
2595,8
2596,0
2597,8
2598,3
2599,5
2600,9
2601,0
2602,2
2603,0
2604,5
2605,2
2606,0
2607,5
2608,0
2609,9
2610,9
2611,3
2612,2
2613,7
2614,7
2615,3
2616,6
2617,7
2618,9
2619,7
2620,2
2621,4
2622,2
2623,6
2624,6
2625,0
2626,9
2627,4
2628,1
2629,6
2630,2
2631,3
2632,2
2633,0
2634,4
2635,3
2636,0
2637,2
2638,8
2639,4
2640,9
2641,1
2642,4
2643,1
2644,6
2645,0
2646,5
2647,3
2648,1
2649,4
2650,4
2651,1
2652,8
2653,7
2654,7
2655,1
2656,8
2657,8
2658,6
2659,1
2660,8
2661,6
2662,7
2663,3
2664,9
2665,0
2666,0
2667,6
2668,4
2669,5
2670,8
2671,3
2672,1
2673,8
2674,7
2675,6
2676,9
2677,7
2678,9
2679,9
2680,6
2681,1
2682,4
2683,2
2684,8
2685,0
2686,6
2687,4
2688,9
2689,7
2690,8
2691,9
2692,0
2693,4
2694,0
2695,0
2696,7
2697,3
2698,1
2699,9
2700,0
2701,1
2702,8
2703,8
2704,2
2705,4
2706,4
2707,0
2708,7
2709,2
2710,9
2711,1
2712,1
2713,6
2714,7
2715,5
2716,8
2717,0
2718,8
2719,7
2720,4
2721,4
2722,2
2723,4
2724,0
2725,2
2726,5
2727,4
2728,4
2729,8
2730,5
2731,8
2732,3
2733,6
2734,6
2735,8
2736,1
2737,6
2738,8
2739,3
2740,0
2741,3
2742,7
2743,6
2744,7
2745,7
2746,2
2747,1
2748,3
2749,6
2750,3
2751,8
2752,8
2753,2
2754,9
2755,2
2756,8
2757,8
2758,5
2759,6
2760,8
2761,9
2762,7
2763,7
2764,8
2765,8
2766,4
2767,0
2768,5
2769,9
2770,4
2771,0
2772,1
2773,7
2774,2
2775,3
2776,0
2777,4
2778,3
2779,5
2780,1
2781,4
2782,1
2783,3
2784,4
2785,6
2786,9
2787,2
2788,7
2789,1
2790,0
2791,6
2792,4
2793,7
2794,8
2795,4
2796,6
2797,6
2798,6
2799,7
2800,9
2801,2
2802,2
2803,5
2804,1
2805,6
2806,3
2807,7
2808,1
2809,6
2810,5
2811,4
2812,1
2813,4
2814,2
2815,1
2816,2
2817,9
2818,9
2819,9
2820,9
2821,5
2822,4
2823,2
2824,1
2825,0
2826,5
2827,7
2828,2
2829,4
2830,9
2831,3
2832,7
2833,6
2834,9
2835,4
2836,8
2837,1
2838,0
2839,7
2840,2
2841,4
2842,7
2843,0
2844,1
2845,4
2846,2
2847,3
2848,5
2849,7
2850,5
2851,1
2852,5
2853,2
2854,8
2855,0
2856,8
2857,8
2858,0
2859,8
2860,5
2861,7
2862,7
2863,4
2864,0
2865,9
2866,6
2867,5
2868,4
2869,4
2870,0
2871,5
2872,6
2873,4
2874,9
2875,0
2876,2
2877,1
2878,0
2879,6
2880,0
2881,9
2882,5
2883,1
2884,0
2885,1
2886,0
2887,0
2888,3
2889,3
2890,2
2891,2
2892,0
2893,7
2894,1
2895,2
2896,5
2897,1
2898,9
2899,0
2900,5
2901,1
2902,5
2903,9
2904,4
2905,0
2906,6
2907,7
2908,3
2909,6
2910,9
2911,3
2912,0
2913,0
2914,4
2915,6
2916,1
2917,9
2918,5
2919,9
2920,5
2921,0
2922,6
2923,6
2924,9
2925,1
2926,7
2927,8
2928,4
2929,0
2930,4
2931,0
2932,9
2933,5
2934,7
2935,3
2936,6
2937,9
2938,9
2939,9
2940,2
2941,3
2942,7
2943,4
2944,6
2945,9
2946,5
2947,4
2948,4
2949,7
2950,9
2951,7
2952,9
2953,7
2954,3
2955,2
2956,6
2957,9
2958,0
2959,5
2960,4
2961,4
2962,6
2963,8
2964,2
2965,2
2966,5
2967,3
2968,7
2969,9
2970,7
2971,2
2972,1
2973,6
2974,0
2975,5
2976,6
2977,7
2978,8
2979,1
2980,1
2981,7
2982,0
2983,6
2984,7
2985,2
2986,9
2987,1
2988,9
2989,9
2990,9
2991,4
2992,9
2993,8
2994,4
2995,4
2996,3
2997,3
2998,7
2999,6
3000,8
3001,1
3002,5
3003,7
3004,8
3005,5
3006,8
3007,3
3008,0
3009,2
3010,4
3011,3
3012,8
3013,6
3014,8
3015,6
3016,0
3017,4
3018,0
3019,2
3020,6
3021,3
3022,9
3023,3
3024,4
3025,1
3026,6
3027,8
3028,9
3029,0
3030,3
3031,3
3032,0
3033,2
3034,5
3035,7
3036,9
3037,2
3038,9
3039,7
3040,2
3041,7
3042,8
3043,7
3044,6
3045,7
3046,3
3047,6
3048,4
3049,5
3050,9
3051,9
3052,2
3053,4
3054,3
3055,3
3056,4
3057,8
3058,6
3059,6
3060,8
3061,4
3062,2
3063,1
3064,4
3065,1
3066,3
3067,3
3068,7
3069,7
3070,5
3071,2
3072,0
3073,5
3074,0
3075,1
3076,3
3077,5
3078,4
3079,0
3080,3
3081,3
3082,8
3083,6
3084,7
3085,6
3086,9
3087,5
3088,5
3089,9
3090,3
3091,4
3092,5
3093,1
3094,5
3095,1
3096,9
3097,2
3098,0
3099,6
3100,4
3101,4
3102,0
3103,2
3104,1
3105,3
3106,1
3107,1
3108,1
3109,6
3110,5
3111,9
3112,0
3113,6
3114,0
3115,7
3116,3
3117,2
3118,8
3119,9
3120,2
3121,0
3122,1
3123,1
3124,0
3125,5
3126,1
3127,8
3128,3
3129,8
3130,9
3131,3
3132,6
3133,4
3134,9
3135,7
3136,7
3137,3
3138,1
3139,7
3140,1
3141,6
3142,2
3143,2
3144,9
3145,4
3146,1
3147,5
3148,3
3149,1
3150,4
3151,0
3152,9
3153,1
3154,3
3155,1
3156,5
3157,5
3158,9
3159,2
3160,1
3161,7
3162,0
3163,4
3164,6
3165,2
3166,3
3167,8
3168,5
3169,5
3170,0
3171,0
3172,9
3173,2
3174,4
3175,8
3176,9
3177,1
3178,0
3179,4
3180,5
3181,8
3182,9
3183,4
3184,1
3185,4
3186,3
3187,1
3188,0
3189,4
3190,6
3191,1
3192,7
3193,0
3194,8
3195,7
3196,8
3197,3
3198,3
3199,6
3200,3
3201,6
3202,2
3203,2
3204,0
3205,2
3206,9
3207,3
3208,1
3209,2
3210,5
3211,4
3212,7
3213,8
3214,9
3215,7
3216,5
3217,1
3218,6
3219,0
3220,5
3221,1
3222,7
3223,1
3224,2
3225,0
3226,6
3227,3
3228,3
3229,2
3230,7
3231,4
3232,6
3233,8
3234,8
3235,1
3236,3
3237,5
3238,8
3239,1
3240,4
3241,9
3242,1
3243,2
3244,5
3245,4
3246,8
3247,8
3248,1
3249,0
3250,5
3251,6
3252,6
3253,0
3254,7
3255,5
3256,3
3257,8
3258,6
3259,1
3260,8
3261,5
3262,8
3263,4
3264,8
3265,6
3266,4
3267,3
3268,0
3269,1
3270,6
3271,4
3272,7
3273,5
3274,0
3275,6
3276,0
3277,2
3278,0
3279,6
3280,0
3281,3
3282,6
3283,3
3284,9
3285,1
3286,4
3287,9
3288,4
3289,4
3290,7
3291,2
3292,1
3293,8
3294,8
3295,0
3296,7
3297,9
3298,8
3299,1
3300,3
3301,7
3302,5
3303,1
3304,9
3305,2
3306,6
3307,8
3308,0
3309,4
3310,1
3311,2
3312,9
3313,7
3314,5
3315,4
3316,9
3317,1
3318,7
3319,8
3320,7
3321,2
3322,1
3323,8
3324,1
3325,1
3326,3
3327,3
3328,2
3329,4
3330,3
3331,2
3332,1
3333,5
3334,1
3335,8
3336,9
3337,9
3338,3
3339,4
3340,0
3341,0
3342,9
3343,6
3344,6
3345,4
3346,1
3347,9
3348,0
3349,5
3350,8
3351,0
3352,9
3353,9
3354,1
3355,2
3356,5
3357,8
3358,6
3359,1
3360,7
3361,5
3362,1
3363,1
3364,3
3365,6
3366,8
3367,2
3368,8
3369,3
3370,3
3371,9
3372,0
3373,8
3374,1
3375,9
3376,3
3377,2
3378,8
3379,1
3380,8
3381,4
3382,5
3383,3
3384,0
3385,6
3386,8
3387,2
3388,3
3389,0
3390,4
3391,2
3392,6
3393,6
3394,1
3395,2
3396,2
3397,2
3398,0
3399,7
3400,7
3401,4
3402,7
3403,3
3404,0
3405,4
3406,5
3407,3
3408,8
3409,8
3410,6
3411,1
3412,7
3413,2
3414,8
3415,0
3416,2
3417,5
3418,6
3419,3
3420,1
3421,3
3422,2
3423,9
3424,2
3425,4
3426,7
3427,4
3428,0
3429,8
3430,9
3431,4
3432,1
3433,6
3434,1
3435,5
3436,8
3437,3
3438,0
3439,8
3440,4
3441,3
3442,4
3443,6
3444,8
3445,5
3446,1
3447,3
3448,1
3449,0
3450,1
3451,5
3452,8
3453,9
3454,1
3455,9
3456,7
3457,3
3458,8
3459,9
3460,4
3461,4
3462,3
3463,8
3464,3
3465,7
3466,0
3467,5
3468,6
3469,4
3470,1
3471,2
3472,9
3473,6
3474,9
3475,2
3476,1
3477,8
3478,3
3479,1
3480,8
3481,0
3482,3
3483,3
3484,4
3485,7
3486,2
3487,8
3488,6
3489,0
3490,5
3491,2
3492,2
3493,1
3494,9
3495,7
3496,1
3497,5
3498,5
3499,1
3500,0
3501,8
3502,1
3503,5
3504,1
3505,8
3506,9
3507,1
3508,8
3509,8
3510,7
3511,3
3512,9
3513,7
3514,7
3515,2
3516,0
3517,9
3518,3
3519,5
3520,1
3521,5
3522,1
3523,3
3524,7
3525,8
3526,6
3527,1
3528,2
3529,0
3530,3
3531,8
3532,5
3533,2
3534,8
3535,4
3536,0
3537,2
3538,8
3539,2
3540,5
3541,3
3542,6
3543,5
3544,7
3545,8
3546,9
3547,7
3548,5
3549,7
3550,2
3551,9
3552,1
3553,8
3554,7
3555,7
3556,7
3557,9
3558,8
3559,2
3560,0
3561,4
3562,7
3563,2
3564,8
3565,7
3566,9
3567,2
3568,7
3569,9
3570,9
3571,7
3572,3
3573,8
3574,1
3575,2
3576,9
3577,1
3578,2
3579,7
3580,4
3581,8
3582,6
3583,0
3584,1
3585,8
3586,9
3587,9
3588,6
3589,5
3590,3
3591,8
3592,2
3593,7
3594,9
3595,3
3596,9
3597,0
3598,4
3599,8
3600,9
3601,0
3602,3
3603,0
3604,5
3605,0
3606,0
3607,1
3608,9
3609,5
3610,4
3611,8
3612,7
3613,7
3614,0
3615,7
3616,9
3617,5
3618,3
3619,5
3620,5
3621,2
3622,9
3623,6
3624,8
3625,0
3626,7
3627,3
3628,7
3629,1
3630,6
3631,1
3632,1
3633,5
3634,0
3635,9
3636,1
3637,4
3638,1
3639,4
3640,8
3641,2
3642,8
3643,0
3644,1
3645,4
3646,1
3647,6
3648,3
3649,2
3650,6
3651,1
3652,6
3653,6
3654,6
3655,7
3656,5
3657,7
3658,8
3659,7
3660,2
3661,0
3662,2
3663,6
3664,9
3665,3
3666,9
3667,5
3668,6
3669,0
3670,0
3671,4
3672,6
3673,7
3674,4
3675,8
3676,3
3677,3
3678,7
3679,1
3680,4
3681,2
3682,5
3683,1
3684,2
3685,7
3686,9
3687,2
3688,8
3689,1
3690,6
3691,0
3692,0
3693,8
3694,0
3695,4
3696,2
3697,9
3698,2
3699,9
3700,9
3701,7
3702,8
3703,9
3704,2
3705,4
3706,0
3707,7
3708,4
3709,5
3710,7
3711,8
3712,4
3713,0
3714,2
3715,2
3716,9
3717,8
3718,4
3719,6
3720,1
3721,0
3722,3
3723,2
3724,2
3725,4
3726,7
3727,0
3728,0
3729,0
3730,4
3731,7
3732,5
3733,1
3734,2
3735,9
3736,9
3737,1
3738,7
3739,8
3740,9
3741,4
3742,3
3743,4
3744,4
3745,5
3746,0
3747,7
3748,3
3749,1
3750,2
3751,7
3752,8
3753,0
3754,3
3755,6
3756,6
3757,0
3758,9
3759,6
3760,9
3761,2
3762,9
3763,9
3764,0
3765,3
3766,4
3767,1
3768,1
3769,1
3770,7
3771,1
3772,9
3773,8
3774,3
3775,9
3776,7
3777,2
3778,2
3779,4
3780,6
3781,8
3782,8
3783,9
3784,8
3785,9
3786,9
3787,6
3788,1
3789,8
3790,8
3791,1
3792,1
3793,9
3794,8
3795,4
3796,4
3797,0
3798,6
3799,0
3800,0
3801,7
3802,6
3803,5
3804,3
3805,8
3806,7
3807,6
3808,0
3809,2
3810,5
3811,4
3812,5
3813,4
3814,6
3815,0
3816,8
3817,5
3818,6
3819,0
3820,6
3821,7
3822,1
3823,2
3824,6
3825,0
3826,2
3827,9
3828,1
3829,1
3830,1
3831,5
3832,1
3833,0
3834,3
3835,5
3836,6
3837,5
3838,4
3839,1
3840,7
3841,4
3842,6
3843,0
3844,6
3845,9
3846,0
3847,9
3848,4
3849,9
3850,1
3851,1
3852,5
3853,4
3854,0
3855,2
3856,3
3857,3
3858,5
3859,4
3860,5
3861,4
3862,8
3863,2
3864,9
3865,1
3866,6
3867,2
3868,2
3869,0
3870,8
3871,1
3872,6
3873,7
3874,0
3875,3
3876,0
3877,0
3878,6
3879,7
3880,2
3881,3
3882,5
3883,4
3884,6
3885,3
3886,5
3887,3
3888,2
3889,2
3890,8
3891,3
3892,2
3893,1
3894,6
3895,2
3896,4
3897,1
3898,1
3899,7
3900,2
3901,0
3902,2
3903,1
3904,6
3905,2
3906,0
3907,2
3908,4
3909,9
3910,0
3911,7
3912,0
3913,0
3914,7
3915,1
3916,9
3917,5
3918,8
3919,5
3920,2
3921,6
3922,6
3923,6
3924,8
3925,1
3926,9
3927,8
3928,2
3929,7
3930,1
3931,1
3932,3
3933,0
3934,4
3935,3
3936,7
3937,3
3938,3
3939,2
3940,4
3941,2
3942,6
3943,0
3944,7
3945,7
3946,7
3947,8
3948,6
3949,1
3950,3
3951,8
3952,4
3953,4
3954,4
3955,5
3956,6
3957,1
3958,7
3959,0
3960,3
3961,0
3962,6
3963,7
3964,2
3965,7
3966,0
3967,8
3968,6
3969,2
3970,2
3971,1
3972,6
3973,9
3974,4
3975,5
3976,1
3977,5
3978,9
3979,0
3980,8
3981,4
3982,7
3983,6
3984,2
3985,3
3986,8
3987,9
3988,2
3989,9
3990,1
3991,7
3992,0
3993,1
3994,6
3995,0
3996,1
3997,3
3998,2
3999,7
4000,0
4001,6
4002,2
4003,4
4004,4
4005,3
4006,8
4007,7
4008,0
4009,0
4010,3
4011,5
4012,4
4013,1
4014,1
4015,9
4016,0
4017,4
4018,1
4019,2
4020,4
4021,8
4022,1
4023,7
4024,0
4025,4
4026,3
4027,8
4028,8
4029,5
4030,6
4031,9
4032,7
4033,7
4034,3
4035,2
4036,3
4037,8
4038,4
4039,6
4040,5
4041,1
4042,5
4043,3
4044,3
4045,7
4046,6
4047,4
4048,3
4049,7
4050,2
4051,2
4052,1
4053,2
4054,1
4055,4
4056,1
4057,1
4058,2
4059,2
4060,5
4061,3
4062,5
4063,2
4064,6
4065,9
4066,0
4067,3
4068,1
4069,4
4070,1
4071,2
4072,7
4073,7
4074,3
4075,8
4076,4
4077,8
4078,8
4079,3
4080,7
4081,2
4082,4
4083,7
4084,6
4085,3
4086,4
4087,3
4088,2
4089,4
4090,2
4091,3
4092,2
4093,6
4094,8
4095,2
4096,9
4097,1
4098,9
4099,9
4100,4
4101,0
4102,9
4103,4
4104,7
4105,5
4106,8
4107,2
4108,5
4109,1
4110,4
4111,1
4112,0
4113,3
4114,1
4115,2
4116,5
4117,0
4118,4
4119,7
4120,0
4121,1
4122,0
4123,5
4124,1
4125,1
4126,5
4127,5
4128,2
4129,3
4130,9
4131,8
4132,4
4133,8
4134,6
4135,7
4136,8
4137,3
4138,4
4139,6
4140,2
4141,8
4142,5
4143,8
4144,2
4145,2
4146,8
4147,1
4148,7
4149,7
4150,7
4151,1
4152,6
4153,0
4154,3
4155,2
4156,4
4157,6
4158,6
4159,8
4160,5
4161,5
4162,8
4163,7
4164,8
4165,8
4166,1
4167,3
4168,3
4169,7
4170,2
4171,1
4172,1
4173,9
4174,9
4175,1
4176,1
4177,4
4178,4
4179,1
4180,2
4181,3
4182,8
4183,6
4184,7
4185,5
4186,3
4187,0
4188,8
4189,8
4190,1
4191,9
4192,2
4193,7
4194,8
4195,2
4196,3
4197,2
4198,5
4199,5
4200,4
4201,8
4202,9
4203,6
4204,8
4205,0
4206,3
4207,7
4208,6
4209,6
4210,2
4211,5
4212,6
4213,4
4214,0
4215,5
4216,2
4217,1
4218,1
4219,7
4220,3
4221,7
4222,8
4223,1
4224,5
4225,1
4226,3
4227,4
4228,1
4229,9
4230,3
4231,9
4232,2
4233,1
4234,8
4235,7
4236,2
4237,6
4238,6
4239,6
4240,7
4241,9
4242,9
4243,2
4244,6
4245,7
4246,7
4247,6
4248,0
4249,3
4250,6
4251,0
4252,3
4253,3
4254,3
4255,4
4256,1
4257,7
4258,3
4259,7
4260,6
4261,9
4262,2
4263,5
4264,5
4265,1
4266,3
4267,5
4268,3
4269,6
4270,6
4271,1
4272,7
4273,1
4274,0
4275,9
4276,0
4277,7
4278,8
4279,1
4280,3
4281,9
4282,4
4283,7
4284,8
4285,2
4286,0
4287,8
4288,8
4289,7
4290,3
4291,0
4292,8
4293,1
4294,2
4295,0
4296,6
4297,4
4298,7
4299,6
4300,4
4301,1
4302,2
4303,2
4304,4
4305,1
4306,6
4307,8
4308,8
4309,6
4310,3
4311,7
4312,4
4313,8
4314,2
4315,8
4316,2
4317,1
4318,2
4319,0
4320,6
4321,1
4322,8
4323,2
4324,9
4325,2
4326,7
4327,8
4328,6
4329,5
4330,8
4331,9
4332,6
4333,2
4334,3
4335,3
4336,4
4337,6
4338,0
4339,7
4340,3
4341,8
4342,6
4343,8
4344,8
4345,7
4346,2
4347,6
4348,9
4349,2
4350,3
4351,9
4352,8
4353,4
4354,3
4355,6
4356,7
4357,9
4358,3
4359,9
4360,2
4361,4
4362,8
4363,0
4364,1
4365,6
4366,9
4367,6
4368,7
4369,0
4370,9
4371,3
4372,2
4373,7
4374,9
4375,5
4376,6
4377,8
4378,3
4379,6
4380,2
4381,7
4382,8
4383,7
4384,9
4385,3
4386,7
4387,0
4388,3
4389,9
4390,0
4391,1
4392,1
4393,2
4394,2
4395,7
4396,9
4397,6
4398,0
4399,0
4400,5
4401,8
4402,0
4403,8
4404,7
4405,9
4406,7
4407,2
4408,7
4409,2
4410,4
4411,9
4412,0
4413,3
4414,4
4415,1
4416,9
4417,1
4418,3
4419,9
4420,8
4421,3
4422,6
4423,8
4424,9
4425,5
4426,2
4427,8
4428,6
4429,3
4430,9
4431,1
4432,4
4433,7
4434,1
4435,6
4436,0
4437,6
4438,4
4439,5
4440,7
4441,3
4442,7
4443,8
4444,2
4445,6
4446,1
4447,5
4448,9
4449,1
4450,7
4451,6
4452,5
4453,0
4454,4
4455,3
4456,2
4457,5
4458,1
4459,4
4460,0
4461,0
4462,9
4463,7
4464,5
4465,1
4466,4
4467,2
4468,0
4469,5
4470,9
4471,7
4472,3
4473,8
4474,6
4475,5
4476,2
4477,4
4478,2
4479,3
4480,4
4481,6
4482,5
4483,8
4484,0
4485,0
4486,1
4487,1
4488,5
4489,2
4490,6
4491,3
4492,4
4493,3
4494,1
4495,4
4496,6
4497,4
4498,0
4499,0
4500,7
4501,5
4502,0
4503,6
4504,3
4505,6
4506,0
4507,7
4508,1
4509,0
4510,2
4511,7
4512,5
4513,3
4514,4
4515,1
4516,9
4517,4
4518,8
4519,9
4520,8
4521,6
4522,2
4523,5
4524,8
4525,3
4526,1
4527,0
4528,0
4529,8
4530,7
4531,2
4532,4
4533,9
4534,8
4535,1
4536,0
4537,9
4538,1
4539,5
4540,3
4541,4
4542,4
4543,7
4544,6
4545,6
4546,9
4547,1
4548,3
4549,8
4550,1
4551,6
4552,2
4553,0
4554,9
4555,6
4556,7
4557,3
4558,3
4559,4
4560,7
4561,7
4562,8
4563,8
4564,2
4565,4
4566,2
4567,4
4568,3
4569,5
4570,6
4571,3
4572,2
4573,7
4574,6
4575,9
4576,4
4577,8
4578,0
4579,2
4580,1
4581,0
4582,6
4583,7
4584,3
4585,5
4586,7
4587,3
4588,9
4589,4
4590,1
4591,2
4592,0
4593,0
4594,3
4595,8
4596,6
4597,6
4598,4
4599,9
4600,2
4601,2
4602,6
4603,8
4604,0
4605,6
4606,7
4607,0
4608,2
4609,3
4610,8
4611,8
4612,8
4613,5
4614,2
4615,5
4616,5
4617,4
4618,8
4619,4
4620,8
4621,9
4622,8
4623,0
4624,3
4625,3
4626,0
4627,4
4628,7
4629,2
4630,9
4631,7
4632,0
4633,6
4634,8
4635,7
4636,4
4637,9
4638,5
4639,1
4640,1
4641,7
4642,4
4643,7
4644,5
4645,1
4646,3
4647,1
4648,5
4649,4
4650,8
4651,0
4652,6
4653,1
4654,3
4655,3
4656,1
4657,7
4658,2
4659,1
4660,5
4661,2
4662,3
4663,3
4664,7
4665,0
4666,0
4667,0
4668,5
4669,7
4670,3
4671,3
4672,9
4673,9
4674,0
4675,2
4676,8
4677,3
4678,3
4679,7
4680,9
4681,1
4682,4
4683,1
4684,7
4685,5
4686,6
4687,2
4688,3
4689,0
4690,3
4691,6
4692,4
4693,9
4694,9
4695,8
4696,4
4697,6
4698,4
4699,8
4700,7
4701,2
4702,8
4703,7
4704,1
4705,6
4706,0
4707,3
4708,3
4709,0
4710,1
4711,8
4712,2
4713,1
4714,8
4715,0
4716,3
4717,9
4718,8
4719,6
4720,9
4721,0
4722,8
4723,3
4724,2
4725,8
4726,0
4727,8
4728,7
4729,6
4730,1
4731,5
4732,9
4733,3
4734,3
4735,3
4736,4
4737,6
4738,4
4739,9
4740,1
4741,8
4742,1
4743,4
4744,8
4745,7
4746,9
4747,0
4748,8
4749,4
4750,4
4751,7
4752,8
4753,2
4754,9
4755,2
4756,2
4757,1
4758,2
4759,7
4760,7
4761,7
4762,9
4763,1
4764,2
4765,0
4766,8
4767,0
4768,9
4769,9
4770,2
4771,4
4772,7
4773,1
4774,7
4775,9
4776,8
4777,3
4778,5
4779,5
4780,0
4781,3
4782,9
4783,5
4784,7
4785,2
4786,8
4787,2
4788,4
4789,6
4790,5
4791,5
4792,7
4793,9
4794,6
4795,1
4796,3
4797,2
4798,0
4799,4
4800,6
4801,9
4802,8
4803,4
4804,6
4805,4
4806,4
4807,6
4808,9
4809,6
4810,5
4811,1
4812,6
4813,5
4814,0
4815,5
4816,8
4817,8
4818,1
4819,2
4820,8
4821,6
4822,1
4823,1
4824,6
4825,2
4826,6
4827,8
4828,9
4829,2
4830,2
4831,2
4832,8
4833,7
4834,7
4835,7
4836,2
4837,0
4838,5
4839,6
4840,8
4841,8
4842,1
4843,5
4844,5
4845,2
4846,8
4847,7
4848,9
4849,9
4850,8
4851,5
4852,7
4853,9
4854,8
4855,9
4856,9
4857,1
4858,4
4859,9
4860,5
4861,4
4862,1
4863,4
4864,8
4865,2
4866,9
4867,3
4868,6
4869,4
4870,2
4871,0
4872,1
4873,9
4874,6
4875,5
4876,3
4877,3
4878,3
4879,5
4880,8
4881,3
4882,5
4883,8
4884,7
4885,2
4886,6
4887,4
4888,2
4889,6
4890,6
4891,8
4892,9
4893,5
4894,7
4895,9
4896,4
4897,1
4898,7
4899,2
4900,3
4901,4
4902,7
4903,0
4904,0
4905,1
4906,3
4907,3
4908,5
4909,0
4910,1
4911,4
4912,3
4913,1
4914,8
4915,5
4916,6
4917,1
4918,3
4919,7
4920,1
4921,7
4922,1
4923,9
4924,9
4925,8
4926,8
4927,0
4928,7
4929,9
4930,8
4931,4
4932,2
4933,9
4934,6
4935,2
4936,6
4937,3
4938,6
4939,3
4940,7
4941,7
4942,0
4943,3
4944,1
4945,8
4946,4
4947,6
4948,4
4949,7
4950,5
4951,2
4952,1
4953,3
4954,3
4955,3
4956,9
4957,4
4958,7
4959,8
4960,1
4961,3
4962,9
4963,3
4964,6
4965,4
4966,4
4967,7
4968,7
4969,9
4970,1
4971,9
4972,1
4973,5
4974,4
4975,1
4976,1
4977,8
4978,4
4979,7
4980,3
4981,7
4982,7
4983,2
4984,8
4985,3
4986,5
4987,5
4988,9
4989,2
4990,4
4991,3
4992,1
4993,5
4994,8
4995,7
4996,5
4997,2
4998,0
4999,9
5000,7
5001,3
5002,4
5003,8
5004,3
5005,6
5006,8
5007,9
5008,0
5009,4
5010,6
5011,2
5012,1
5013,2
5014,7
5015,9
5016,3
5017,5
5018,2
5019,8
5020,1
5021,6
5022,0
5023,5
5024,2
5025,6
5026,4
5027,9
5028,2
5029,7
5030,2
5031,3
5032,5
5033,4
5034,9
5035,6
5036,9
5037,3
5038,0
5039,3
5040,0
5041,3
5042,1
5043,2
5044,5
5045,5
5046,9
5047,8
5048,5
5049,6
5050,0
5051,9
5052,3
5053,2
5054,5
5055,8
5056,1
5057,4
5058,9
5059,8
5060,7
5061,0
5062,9
5063,5
5064,1
5065,3
5066,5
5067,4
5068,0
5069,6
5070,7
5071,1
5072,9
5073,8
5074,3
5075,4
5076,4
5077,3
5078,9
5079,4
5080,0
5081,9
5082,6
5083,9
5084,4
5085,8
5086,3
5087,3
5088,7
5089,1
5090,8
5091,9
5092,9
5093,9
5094,5
5095,4
5096,6
5097,5
5098,1
5099,2
5100,5
5101,8
5102,4
5103,6
5104,6
5105,6
5106,1
5107,0
5108,0
5109,4
5110,8
5111,7
5112,6
5113,8
5114,3
5115,2
5116,1
5117,7
5118,0
5119,2
5120,0
5121,7
5122,0
5123,5
5124,2
5125,2
5126,1
5127,6
5128,8
5129,5
5130,8
5131,4
5132,5
5133,7
5134,4
5135,4
5136,0
5137,9
5138,7
5139,1
5140,1
5141,7
5142,4
5143,3
5144,1
5145,5
5146,2
5147,4
5148,4
5149,4
5150,9
5151,8
5152,9
5153,0
5154,4
5155,2
5156,5
5157,4
5158,6
5159,7
5160,5
5161,0
5162,1
5163,2
5164,4
5165,0
5166,0
5167,1
5168,8
5169,6
5170,6
5171,8
5172,7
5173,4
5174,0
5175,0
5176,0
5177,0
5178,6
5179,1
5180,1
5181,8
5182,8
5183,9
5184,4
5185,0
5186,1
5187,1
5188,1
5189,9
5190,0
5191,9
5192,2
5193,1
5194,5
5195,7
5196,9
5197,7
5198,5
5199,0
5200,9
5201,4
5202,2
5203,1
5204,8
5205,1
5206,5
5207,7
5208,0
5209,2
5210,3
5211,2
5212,7
5213,8
5214,4
5215,2
5216,8
5217,9
5218,8
5219,8
5220,4
5221,5
5222,0
5223,6
5224,5
5225,6
5226,1
5227,3
5228,7
5229,3
5230,2
5231,1
5232,4
5233,4
5234,8
5235,9
5236,9
5237,0
5238,1
5239,2
5240,6
5241,5
5242,4
5243,1
5244,1
5245,7
5246,7
5247,8
5248,1
5249,1
5250,0
5251,7
5252,8
5253,0
5254,1
5255,9
5256,8
5257,5
5258,9
5259,4
5260,3
5261,9
5262,9
5263,1
5264,9
5265,1
5266,7
5267,0
5268,0
5269,3
5270,2
5271,9
5272,5
5273,0
5274,2
5275,7
5276,7
5277,9
5278,4
5279,4
5280,8
5281,2
5282,7
5283,1
5284,0
5285,6
5286,0
5287,6
5288,1
5289,3
5290,1
5291,0
5292,2
5293,1
5294,5
5295,3
5296,2
5297,0
5298,0
5299,5
5300,9
5301,8
5302,9
5303,3
5304,7
5305,8
5306,4
5307,4
5308,0
5309,9
5310,1
5311,8
5312,5
5313,9
5314,6
5315,1
5316,8
5317,6
5318,9
5319,5
5320,5
5321,0
5322,2
5323,3
5324,0
5325,0
5326,3
5327,5
5328,3
5329,1
5330,8
5331,5
5332,7
5333,3
5334,1
5335,3
5336,5
5337,2
5338,4
5339,7
5340,1
5341,0
5342,9
5343,5
5344,5
5345,9
5346,3
5347,2
5348,8
5349,0
5350,4
5351,7
5352,9
5353,9
5354,7
5355,0
5356,8
5357,2
5358,9
5359,7
5360,8
5361,2
5362,2
5363,1
5364,8
5365,3
5366,7
5367,9
5368,0
5369,0
5370,0
5371,8
5372,6
5373,5
5374,4
5375,9
5376,7
5377,3
5378,0
5379,9
5380,4
5381,9
5382,2
5383,4
5384,5
5385,3
5386,2
5387,7
5388,3
5389,3
5390,5
5391,9
5392,7
5393,7
5394,3
5395,1
5396,3
5397,0
5398,9
5399,4
5400,2
5401,6
5402,9
5403,7
5404,8
5405,9
5406,8
5407,3
5408,1
5409,2
5410,0
5411,8
5412,6
5413,5
5414,6
5415,7
5416,4
5417,6
5418,3
5419,1
5420,3
5421,0
5422,4
5423,9
5424,1
5425,7
5426,3
5427,2
5428,9
5429,9
5430,0
5431,9
5432,6
5433,9
5434,1
5435,7
5436,2
5437,7
5438,7
5439,0
5440,4
5441,2
5442,3
5443,1
5444,3
5445,5
5446,2
5447,1
5448,7
5449,0
5450,9
5451,9
5452,9
5453,7
5454,3
5455,7
5456,7
5457,6
5458,7
5459,8
5460,7
5461,2
5462,6
5463,0
5464,9
5465,8
5466,8
5467,4
5468,2
5469,4
5470,1
5471,1
5472,2
5473,2
5474,0
5475,4
5476,6
5477,4
5478,3
5479,6
5480,4
5481,1
5482,3
5483,4
5484,4
5485,6
5486,7
5487,4
5488,0
5489,7
5490,1
5491,9
5492,1
5493,8
5494,8
5495,7
5496,0
5497,1
5498,1
5499,9
5500,5
5501,9
5502,4
5503,7
5504,2
5505,8
5506,1
5507,0
5508,3
5509,1
5510,2
5511,8
5512,7
5513,5
5514,4
5515,1
5516,4
5517,1
5518,9
5519,3
5520,5
5521,7
5522,8
5523,8
5524,0
5525,8
5526,3
5527,6
5528,1
5529,7
5530,9
5531,7
5532,1
5533,3
5534,5
5535,6
5536,1
5537,2
5538,8
5539,2
5540,8
5541,5
5542,6
5543,9
5544,0
5545,6
5546,9
5547,9
5548,3
5549,6
5550,9
5551,6
5552,1
5553,6
5554,6
5555,5
5556,9
5557,6
5558,1
5559,7
5560,9
5561,7
5562,0
5563,0
5564,8
5565,5
5566,7
5567,3
5568,5
5569,0
5570,4
5571,4
5572,4
5573,9
5574,8
5575,8
5576,4
5577,3
5578,0
5579,2
5580,7
5581,6
5582,5
5583,2
5584,4
5585,4
5586,0
5587,4
5588,6
5589,0
5590,1
5591,4
5592,2
5593,4
5594,5
5595,6
5596,4
5597,1
5598,5
5599,7
5600,7
5601,4
5602,4
5603,1
5604,6
5605,3
5606,3
5607,5
5608,7
5609,7
5610,2
5611,1
5612,9
5613,8
5614,2
5615,7
5616,5
5617,0
5618,1
5619,2
5620,6
5621,5
5622,7
5623,5
5624,0
5625,6
5626,0
5627,1
5628,9
5629,7
5630,7
5631,8
5632,0
5633,7
5634,7
5635,1
5636,4
5637,5
5638,2
5639,1
5640,0
5641,3
5642,8
5643,8
5644,3
5645,7
5646,0
5647,9
5648,4
5649,7
5650,9
5651,0
5652,2
5653,2
5654,9
5655,3
5656,8
5657,5
5658,8
5659,1
5660,4
5661,4
5662,8
5663,3
5664,1
5665,9
5666,1
5667,7
5668,4
5669,1
5670,0
5671,9
5672,0
5673,9
5674,7
5675,0
5676,1
5677,2
5678,8
5679,5
5680,3
5681,2
5682,1
5683,2
5684,5
5685,1
5686,8
5687,1
5688,5
5689,0
5690,3
5691,6
5692,8
5693,3
5694,8
5695,8
5696,5
5697,5
5698,1
5699,6
5700,0
5701,5
5702,9
5703,6
5704,0
5705,1
5706,8
5707,2
5708,8
5709,1
5710,4
5711,8
5712,1
5713,7
5714,7
5715,0
5716,3
5717,2
5718,3
5719,0
5720,8
5721,5
5722,9
5723,8
5724,8
5725,8
5726,1
5727,2
5728,2
5729,8
5730,1
5731,0
5732,6
5733,4
5734,1
5735,5
5736,8
5737,5
5738,9
5739,1
5740,4
5741,1
5742,8
5743,2
5744,7
5745,3
5746,3
5747,7
5748,7
5749,3
5750,9
5751,6
5752,0
5753,6
5754,2
5755,5
5756,1
5757,4
5758,0
5759,3
5760,9
5761,5
5762,9
5763,7
5764,8
5765,6
5766,1
5767,0
5768,5
5769,3
5770,2
5771,0
5772,9
5773,3
5774,7
5775,1
5776,7
5777,6
5778,7
5779,8
5780,4
5781,5
5782,7
5783,0
5784,8
5785,0
5786,3
5787,7
5788,0
5789,6
5790,2
5791,4
5792,4
5793,8
5794,0
5795,9
5796,5
5797,3
5798,4
5799,9
5800,1
5801,2
5802,7
5803,3
5804,9
5805,9
5806,7
5807,9
5808,2
5809,6
5810,8
5811,9
5812,5
5813,9
5814,7
5815,2
5816,3
5817,0
5818,4
5819,4
5820,7
5821,8
5822,8
5823,9
5824,5
5825,7
5826,9
5827,8
5828,8
5829,8
5830,7
5831,5
5832,5
5833,4
5834,4
5835,5
5836,3
5837,5
5838,0
5839,6
5840,8
5841,5
5842,5
5843,5
5844,7
5845,1
5846,5
5847,8
5848,0
5849,9
5850,5
5851,1
5852,7
5853,6
5854,6
5855,1
5856,7
5857,4
5858,1
5859,3
5860,1
5861,3
5862,1
5863,7
5864,4
5865,5
5866,2
5867,1
5868,8
5869,7
5870,1
5871,9
5872,7
5873,2
5874,2
5875,3
5876,7
5877,9
5878,4
5879,2
5880,6
5881,2
5882,3
5883,8
5884,1
5885,2
5886,3
5887,6
5888,0
5889,9
5890,0
5891,3
5892,8
5893,0
5894,2
5895,7
5896,7
5897,8
5898,5
5899,1
5900,4
5901,5
5902,0
5903,6
5904,1
5905,0
5906,0
5907,2
5908,5
5909,8
5910,4
5911,5
5912,0
5913,8
5914,2
5915,4
5916,8
5917,0
5918,4
5919,7
5920,4
5921,4
5922,4
5923,9
5924,5
5925,0
5926,8
5927,5
5928,9
5929,0
5930,9
5931,7
5932,5
5933,6
5934,9
5935,3
5936,9
5937,3
5938,6
5939,6
5940,1
5941,4
5942,5
5943,1
5944,9
5945,3
5946,3
5947,2
5948,5
5949,8
5950,6
5951,3
5952,4
5953,8
5954,6
5955,7
5956,8
5957,6
5958,3
5959,2
5960,6
5961,7
5962,8
5963,5
5964,8
5965,4
5966,2
5967,2
5968,8
5969,6
5970,8
5971,7
5972,2
5973,8
5974,5
5975,7
5976,9
5977,8
5978,4
5979,6
5980,9
5981,4
5982,0
5983,7
5984,7
5985,0
5986,5
5987,1
5988,7
5989,9
5990,7
5991,0
5992,0
5993,3
5994,1
5995,2
5996,2
5997,3
5998,9
5999,7
6000,2
6001,9
6002,0
6003,5
6004,2
6005,5
6006,7
6007,9
6008,3
6009,6
6010,5
6011,3
6012,0
6013,2
6014,4
6015,3
6016,0
6017,6
6018,4
6019,0
6020,0
6021,3
6022,0
6023,9
6024,1
6025,6
6026,1
6027,9
6028,4
6029,6
6030,5
6031,9
6032,7
6033,2
6034,4
6035,9
6036,2
6037,7
6038,6
6039,0
6040,4
6041,7
6042,6
6043,5
6044,0
6045,6
6046,6
6047,8
6048,6
6049,8
6050,7
6051,9
6052,0
6053,1
6054,1
6055,2
6056,5
6057,4
6058,2
6059,5
6060,1
6061,3
6062,0
6063,2
6064,5
6065,7
6066,6
6067,6
6068,3
6069,9
6070,4
6071,2
6072,1
6073,0
6074,3
6075,2
6076,7
6077,9
6078,5
6079,8
6080,0
6081,3
6082,1
6083,2
6084,6
6085,4
6086,4
6087,6
6088,3
6089,6
6090,9
6091,8
6092,4
6093,1
6094,9
6095,1
6096,6
6097,2
6098,8
6099,1
6100,3
6101,8
6102,5
6103,8
6104,0
6105,7
6106,2
6107,7
6108,0
6109,4
6110,1
6111,9
6112,7
6113,6
6114,2
6115,5
6116,4
6117,2
6118,6
6119,7
6120,4
6121,3
6122,4
6123,1
6124,1
6125,2
6126,3
6127,6
6128,9
6129,3
6130,7
6131,1
6132,0
6133,8
6134,5
6135,6
6136,0
6137,2
6138,8
6139,8
6140,2
6141,4
6142,6
6143,2
6144,8
6145,2
6146,3
6147,2
6148,9
6149,7
6150,1
6151,7
6152,7
6153,0
6154,9
6155,1
6156,5
6157,5
6158,1
6159,3
6160,7
6161,7
6162,7
6163,2
6164,6
6165,6
6166,4
6167,0
6168,9
6169,7
6170,5
6171,9
6172,3
6173,0
6174,3
6175,6
6176,0
6177,9
6178,8
6179,4
6180,6
6181,3
6182,2
6183,2
6184,1
6185,7
6186,6
6187,8
6188,6
6189,7
6190,2
6191,5
6192,3
6193,3
6194,9
6195,3
6196,0
6197,7
6198,8
6199,0
6200,0
6201,2
6202,6
6203,9
6204,2
6205,7
6206,2
6207,4
6208,1
6209,3
6210,0
6211,8
6212,8
6213,9
6214,2
6215,4
6216,1
6217,4
6218,6
6219,0
6220,7
6221,4
6222,5
6223,7
6224,3
6225,8
6226,0
6227,9
6228,2
6229,4
6230,1
6231,5
6232,9
6233,5
6234,5
6235,3
6236,9
6237,2
6238,4
6239,4
6240,1
6241,0
6242,5
6243,7
6244,6
6245,4
6246,2
6247,8
6248,8
6249,8
6250,8
6251,5
6252,5
6253,5
6254,8
6255,6
6256,8
6257,7
6258,3
6259,1
6260,5
6261,2
6262,3
6263,8
6264,7
6265,9
6266,0
6267,1
6268,7
6269,9
6270,3
6271,2
6272,3
6273,1
6274,5
6275,0
6276,3
6277,1
6278,3
6279,8
6280,0
6281,6
6282,4
6283,1
6284,1
6285,3
6286,3
6287,1
6288,8
6289,2
6290,7
6291,7
6292,6
6293,8
6294,5
6295,6
6296,3
6297,6
6298,1
6299,5
6300,7
6301,4
6302,0
6303,9
6304,4
6305,1
6306,1
6307,8
6308,6
6309,5
6310,8
6311,1
6312,8
6313,7
6314,4
6315,9
6316,7
6317,1
6318,2
6319,1
6320,6
6321,2
6322,6
6323,5
6324,4
6325,8
6326,2
6327,2
6328,7
6329,3
6330,1
6331,2
6332,4
6333,2
6334,4
6335,8
6336,2
6337,5
6338,7
6339,0
6340,0
6341,5
6342,7
6343,4
6344,0
6345,3
6346,6
6347,7
6348,2
6349,6
6350,0
6351,0
6352,9
6353,8
6354,5
6355,3
6356,1
6357,2
6358,7
6359,6
6360,9
6361,5
6362,8
6363,8
6364,1
6365,2
6366,2
6367,0
6368,4
6369,7
6370,4
6371,3
6372,0
6373,9
6374,5
6375,6
6376,9
6377,4
6378,6
6379,9
6380,7
6381,2
6382,9
6383,0
6384,8
6385,3
6386,5
6387,7
6388,6
6389,4
6390,3
6391,7
6392,5
6393,4
6394,6
6395,8
6396,5
6397,4
6398,7
6399,5
6400,5
6401,6
6402,8
6403,8
6404,5
6405,7
6406,2
6407,6
6408,4
6409,7
6410,8
6411,6
6412,8
6413,6
6414,4
6415,8
6416,8
6417,4
6418,1
6419,0
6420,3
6421,3
6422,7
6423,9
6424,4
6425,5
6426,7
6427,1
6428,8
6429,7
6430,0
6431,3
6432,3
6433,0
6434,0
6435,4
6436,2
6437,4
6438,9
6439,7
6440,8
6441,6
6442,6
6443,5
6444,4
6445,8
6446,8
6447,2
6448,0
6449,1
6450,0
6451,8
6452,6
6453,7
6454,0
6455,7
6456,9
6457,0
6458,1
6459,0
6460,4
6461,9
6462,4
6463,2
6464,1
6465,5
6466,6
6467,4
6468,4
6469,7
6470,3
6471,2
6472,7
6473,9
6474,0
6475,9
6476,8
6477,5
6478,2
6479,5
6480,6
6481,2
6482,7
6483,9
6484,8
6485,0
6486,0
6487,5
6488,9
6489,6
6490,0
6491,3
6492,3
6493,4
6494,9
6495,7
6496,0
6497,4
6498,0
6499,5
6500,3
6501,9
6502,5
6503,0
6504,3
6505,2
6506,9
6507,9
6508,4
6509,1
6510,7
6511,4
6512,4
6513,5
6514,9
6515,7
6516,3
6517,5
6518,3
6519,4
6520,3
6521,0
6522,3
6523,5
6524,6
6525,4
6526,1
6527,5
6528,7
6529,2
6530,4
6531,9
6532,6
6533,0
6534,0
6535,9
6536,4
6537,3
6538,3
6539,1
6540,7
6541,5
6542,2
6543,1
6544,7
6545,3
6546,5
6547,1
6548,1
6549,7
6550,9
6551,5
6552,3
6553,1
6554,4
6555,5
6556,0
6557,3
6558,4
6559,8
6560,9
6561,8
6562,1
6563,5
6564,0
6565,2
6566,1
6567,4
6568,2
6569,7
6570,0
6571,2
6572,7
6573,5
6574,2
6575,2
6576,9
6577,2
6578,8
6579,8
6580,1
6581,8
6582,2
6583,9
6584,1
6585,7
6586,5
6587,0
6588,3
6589,8
6590,6
6591,6
6592,5
6593,4
6594,3
6595,2
6596,7
6597,2
6598,9
6599,9
6600,2
6601,3
6602,3
6603,1
6604,5
6605,8
6606,4
6607,4
6608,6
6609,6
6610,1
6611,1
6612,0
6613,1
6614,7
6615,3
6616,2
6617,3
6618,0
6619,8
6620,4
6621,1
6622,7
6623,8
6624,6
6625,2
6626,6
6627,6
6628,8
6629,9
6630,4
6631,5
6632,5
6633,8
6634,8
6635,1
6636,4
6637,5
6638,7
6639,7
6640,1
6641,4
6642,1
6643,1
6644,3
6645,1
6646,4
6647,0
6648,6
6649,2
6650,4
6651,8
6652,0
6653,7
6654,9
6655,7
6656,9
6657,5
6658,5
6659,0
6660,6
6661,9
6662,6
6663,1
6664,7
6665,3
6666,7
6667,1
6668,0
6669,0
6670,6
6671,4
6672,7
6673,6
6674,5
6675,6
6676,6
6677,0
6678,7
6679,8
6680,7
6681,4
6682,3
6683,3
6684,6
6685,9
6686,5
6687,1
6688,8
6689,3
6690,8
6691,2
6692,7
6693,8
6694,1
6695,2
6696,5
6697,0
6698,4
6699,9
6700,3
6701,8
6702,5
6703,4
6704,2
6705,5
6706,4
6707,8
6708,4
6709,8
6710,1
6711,5
6712,0
6713,3
6714,6
6715,0
6716,7
6717,9
6718,2
6719,3
6720,8
6721,5
6722,5
6723,7
6724,7
6725,2
6726,3
6727,6
6728,9
6729,9
6730,1
6731,0
6732,1
6733,8
6734,9
6735,4
6736,7
6737,7
6738,0
6739,2
6740,0
6741,2
6742,6
6743,1
6744,6
6745,1
6746,1
6747,4
6748,8
6749,0
6750,3
6751,1
6752,2
6753,4
6754,0
6755,8
6756,5
6757,6
6758,9
6759,8
6760,4
6761,5
6762,5
6763,4
6764,3
6765,4
6766,7
6767,2
6768,5
6769,2
6770,2
6771,1
6772,8
6773,1
6774,8
6775,7
6776,1
6777,9
6778,0
6779,9
6780,7
6781,6
6782,2
6783,4
6784,9
6785,9
6786,9
6787,8
6788,9
6789,9
6790,8
6791,6
6792,2
6793,0
6794,5
6795,7
6796,7
6797,9
6798,8
6799,7
6800,4
6801,5
6802,0
6803,7
6804,2
6805,6
6806,3
6807,3
6808,2
6809,9
6810,0
6811,8
6812,3
6813,8
6814,0
6815,0
6816,4
6817,4
6818,7
6819,1
6820,1
6821,1
6822,0
6823,3
6824,2
6825,0
6826,8
6827,1
6828,5
6829,1
6830,4
6831,7
6832,5
6833,6
6834,8
6835,6
6836,3
6837,1
6838,4
6839,1
6840,1
6841,6
6842,2
6843,1
6844,5
6845,0
6846,2
6847,2
6848,2
6849,7
6850,3
6851,5
6852,3
6853,8
6854,7
6855,3
6856,1
6857,6
6858,9
6859,7
6860,0
6861,9
6862,1
6863,7
6864,6
6865,8
6866,0
6867,5
6868,5
6869,7
6870,5
6871,1
6872,3
6873,4
6874,5
6875,6
6876,4
6877,2
6878,8
6879,2
6880,7
6881,7
6882,9
6883,1
6884,7
6885,3
6886,7
6887,1
6888,6
6889,6
6890,2
6891,6
6892,1
6893,1
6894,1
6895,8
6896,5
6897,6
6898,2
6899,5
6900,4
6901,8
6902,6
6903,8
6904,7
6905,1
6906,6
6907,3
6908,7
6909,2
6910,4
6911,5
6912,0
6913,4
6914,8
6915,9
6916,1
6917,7
6918,5
6919,9
6920,0
6921,6
6922,0
6923,0
6924,3
6925,5
6926,1
6927,3
6928,3
6929,1
6930,5
6931,9
6932,7
6933,0
6934,2
6935,0
6936,9
6937,7
6938,5
6939,1
6940,1
6941,7
6942,5
6943,2
6944,3
6945,5
6946,8
6947,9
6948,1
6949,7
6950,3
6951,0
6952,4
6953,7
6954,1
6955,9
6956,7
6957,0
6958,8
6959,5
6960,0
6961,1
6962,0
6963,6
6964,5
6965,7
6966,0
6967,1
6968,4
6969,7
6970,5
6971,1
6972,9
6973,4
6974,0
6975,4
6976,4
6977,4
6978,2
6979,5
6980,1
6981,2
6982,1
6983,9
6984,3
6985,2
6986,6
6987,0
6988,8
6989,7
6990,9
6991,5
6992,6
6993,4
6994,0
6995,3
6996,6
6997,3
6998,1
6999,1
7000,5
7001,2
7002,9
7003,8
7004,0
7005,5
7006,3
7007,0
7008,7
7009,4
7010,2
7011,5
7012,3
7013,7
7014,3
7015,2
7016,6
7017,9
7018,9
7019,3
7020,2
7021,5
7022,1
7023,6
7024,1
7025,6
7026,7
7027,2
7028,1
7029,9
7030,2
7031,6
7032,7
7033,0
7034,8
7035,4
7036,1
7037,6
7038,4
7039,6
7040,2
7041,5
7042,6
7043,0
7044,9
7045,7
7046,3
7047,8
7048,6
7049,7
7050,5
7051,5
7052,9
7053,3
7054,3
7055,6
7056,9
7057,9
7058,2
7059,8
7060,2
7061,9
7062,4
7063,7
7064,7
7065,2
7066,4
7067,5
7068,1
7069,2
7070,5
7071,1
7072,9
7073,3
7074,1
7075,4
7076,9
7077,8
7078,9
7079,7
7080,8
7081,6
7082,7
7083,0
7084,9
7085,1
7086,1
7087,8
7088,0
7089,1
7090,7
7091,5
7092,2
7093,4
7094,8
7095,5
7096,6
7097,6
7098,7
7099,2
7100,8
7101,8
7102,1
7103,9
7104,5
7105,0
7106,6
7107,1
7108,3
7109,4
7110,5
7111,0
7112,9
7113,3
7114,8
7115,7
7116,4
7117,5
7118,3
7119,6
7120,6
7121,4
7122,4
7123,9
7124,4
7125,7
7126,4
7127,6
7128,3
7129,3
7130,7
7131,1
7132,1
7133,5
7134,7
7135,9
7136,1
7137,0
7138,1
7139,4
7140,1
7141,4
7142,7
7143,3
7144,5
7145,4
7146,8
7147,6
7148,6
7149,1
7150,2
7151,6
7152,6
7153,4
7154,4
7155,6
7156,6
7157,1
7158,5
7159,7
7160,9
7161,9
7162,4
7163,9
7164,4
7165,7
7166,3
7167,4
7168,2
7169,5
7170,0
7171,8
7172,4
7173,7
7174,9
7175,4
7176,4
7177,2
7178,2
7179,4
7180,4
7181,2
7182,1
7183,1
7184,4
7185,9
7186,4
7187,4
7188,2
7189,9
7190,3
7191,3
7192,8
7193,9
7194,4
7195,2
7196,0
7197,2
7198,2
7199,5
7200,0
7201,7
7202,0
7203,5
7204,1
7205,1
7206,8
7207,2
7208,6
7209,7
7210,6
7211,7
7212,7
7213,9
7214,7
7215,1
7216,2
7217,6
7218,5
7219,7
7220,5
7221,1
7222,3
7223,1
7224,6
7225,4
7226,8
7227,9
7228,2
7229,6
7230,1
7231,2
7232,6
7233,0
7234,5
7235,2
7236,9
7237,9
7238,5
7239,5
7240,5
7241,4
7242,9
7243,9
7244,9
7245,8
7246,1
7247,3
7248,4
7249,7
7250,3
7251,2
7252,0
7253,0
7254,7
7255,3
7256,6
7257,0
7258,2
7259,8
7260,5
7261,4
7262,8
7263,5
7264,6
7265,5
7266,7
7267,4
7268,6
7269,5
7270,9
7271,4
7272,8
7273,1
7274,1
7275,8
7276,0
7277,7
7278,4
7279,9
7280,9
7281,5
7282,6
7283,3
7284,9
7285,0
7286,5
7287,9
7288,4
7289,5
7290,6
7291,8
7292,6
7293,9
7294,0
7295,1
7296,7
7297,0
7298,1
7299,6
7300,6
7301,3
7302,6
7303,1
7304,4
7305,6
7306,6
7307,7
7308,7
7309,8
7310,5
7311,9
7312,7
7313,0
7314,9
7315,5
7316,0
7317,0
7318,2
7319,6
7320,1
7321,8
7322,1
7323,3
7324,1
7325,4
7326,1
7327,5
7328,4
7329,0
7330,8
7331,5
7332,2
7333,9
7334,4
7335,8
7336,0
7337,2
7338,6
7339,7
7340,2
7341,0
7342,7
7343,6
7344,9
7345,9
7346,2
7347,6
7348,5
7349,5
7350,7
7351,7
7352,9
7353,6
7354,8
7355,4
7356,9
7357,9
7358,1
7359,4
7360,0
7361,4
7362,7
7363,7
7364,7
7365,9
7366,4
7367,0
7368,1
7369,0
7370,4
7371,4
7372,6
7373,2
7374,1
7375,9
7376,9
7377,8
7378,2
7379,2
7380,9
7381,2
7382,0
7383,7
7384,8
7385,6
7386,2
7387,1
7388,2
7389,3
7390,9
7391,2
7392,0
7393,7
7394,4
7395,5
7396,8
7397,1
7398,3
7399,9
7400,2
7401,5
7402,2
7403,9
7404,0
7405,3
7406,4
7407,7
7408,2
7409,5
7410,5
7411,4
7412,1
7413,4
7414,3
7415,8
7416,0
7417,7
7418,1
7419,1
7420,3
7421,8
7422,1
7423,7
7424,4
7425,6
7426,4
7427,2
7428,9
7429,4
7430,0
7431,2
7432,6
7433,9
7434,8
7435,9
7436,3
7437,5
7438,5
7439,9
7440,0
7441,0
7442,5
7443,5
7444,3
7445,7
7446,9
7447,5
7448,7
7449,2
7450,1
7451,6
7452,6
7453,9
7454,4
7455,4
7456,8
7457,0
7458,0
7459,3
7460,3
7461,8
7462,3
7463,6
7464,2
7465,0
7466,6
7467,6
7468,5
7469,9
7470,7
7471,0
7472,7
7473,4
7474,9
7475,7
7476,6
7477,4
7478,1
7479,9
7480,3
7481,0
7482,2
7483,7
7484,4
7485,0
7486,0
7487,9
7488,3
7489,3
7490,2
7491,3
7492,8
7493,2
7494,5
7495,0
7496,9
7497,5
7498,6
7499,7
7500,7
7501,8
7502,6
7503,5
7504,9
7505,1
7506,1
7507,3
7508,3
7509,5
7510,5
7511,2
7512,1
7513,5
7514,8
7515,5
7516,8
7517,0
7518,6
7519,2
7520,4
7521,7
7522,9
7523,9
7524,6
7525,9
7526,8
7527,2
7528,3
7529,7
7530,1
7531,3
7532,2
7533,0
7534,2
7535,7
7536,6
7537,4
7538,8
7539,3
7540,8
7541,2
7542,3
7543,9
7544,9
7545,5
7546,8
7547,3
7548,3
7549,1
7550,2
7551,3
7552,6
7553,7
7554,9
7555,3
7556,7
7557,8
7558,2
7559,7
7560,9
7561,2
7562,9
7563,1
7564,5
7565,9
7566,8
7567,9
7568,6
7569,8
7570,9
7571,1
7572,9
7573,3
7574,0
7575,8
7576,4
7577,8
7578,9
7579,6
7580,6
7581,3
7582,3
7583,4
7584,0
7585,6
7586,9
7587,4
7588,9
7589,0
7590,3
7591,0
7592,3
7593,3
7594,5
7595,5
7596,9
7597,3
7598,8
7599,3
7600,2
7601,8
7602,3
7603,3
7604,2
7605,1
7606,9
7607,9
7608,9
7609,2
7610,2
7611,3
7612,5
7613,9
7614,7
7615,1
7616,5
7617,7
7618,7
7619,7
7620,7
7621,4
7622,6
7623,7
7624,9
7625,3
7626,1
7627,0
7628,9
7629,3
7630,5
7631,8
7632,9
7633,9
7634,6
7635,2
7636,2
7637,0
7638,3
7639,9
7640,9
7641,9
7642,4
7643,6
7644,2
7645,0
7646,9
7647,2
7648,4
7649,9
7650,2
7651,0
7652,5
7653,4
7654,3
7655,1
7656,8
7657,0
7658,0
7659,8
7660,4
7661,9
7662,7
7663,9
7664,3
7665,0
7666,1
7667,6
7668,3
7669,0
7670,1
7671,6
7672,3
7673,4
7674,9
7675,9
7676,0
7677,1
7678,3
7679,1
7680,7
7681,5
7682,1
7683,0
7684,1
7685,2
7686,0
7687,7
7688,4
7689,7
7690,0
7691,5
7692,4
7693,7
7694,9
7695,6
7696,3
7697,5
7698,6
7699,0
7700,2
7701,8
7702,1
7703,0
7704,6
7705,0
7706,9
7707,6
7708,2
7709,9
7710,8
7711,3
7712,6
7713,3
7714,6
7715,1
7716,8
7717,8
7718,3
7719,2
7720,7
7721,8
7722,7
7723,3
7724,1
7725,5
7726,6
7727,7
7728,4
7729,3
7730,5
7731,1
7732,0
7733,4
7734,0
7735,3
7736,0
7737,7
7738,1
7739,1
7740,6
7741,7
7742,1
7743,4
7744,9
7745,6
7746,3
7747,5
7748,9
7749,0
7750,5
7751,4
7752,9
7753,6
7754,8
7755,8
7756,4
7757,1
7758,6
7759,3
7760,2
7761,5
7762,3
7763,6
7764,1
7765,5
7766,6
7767,1
7768,1
7769,6
7770,9
7771,6
7772,6
7773,1
7774,1
7775,6
7776,0
7777,0
7778,3
7779,3
7780,4
7781,0
7782,5
7783,4
7784,3
7785,1
7786,6
7787,4
7788,2
7789,2
7790,3
7791,5
7792,5
7793,2
7794,7
7795,1
7796,0
7797,1
7798,1
7799,8
7800,3
7801,2
7802,7
7803,6
7804,0
7805,1
7806,3
7807,0
7808,9
7809,3
7810,9
7811,2
7812,3
7813,5
7814,2
7815,7
7816,8
7817,9
7818,1
7819,6
7820,0
7821,7
7822,5
7823,1
7824,0
7825,0
7826,7
7827,3
7828,2
7829,9
7830,3
7831,5
7832,4
7833,8
7834,2
7835,7
7836,6
7837,9
7838,2
7839,7
7840,9
7841,7
7842,9
7843,3
7844,7
7845,5
7846,7
7847,0
7848,0
7849,6
7850,9
7851,7
7852,7
7853,4
7854,0
7855,5
7856,0
7857,1
7858,2
7859,7
7860,7
7861,2
7862,3
7863,7
7864,4
7865,6
7866,9
7867,2
7868,8
7869,6
7870,3
7871,9
7872,2
7873,2
7874,6
7875,0
7876,5
7877,8
7878,1
7879,5
7880,7
7881,8
7882,6
7883,6
7884,3
7885,4
7886,0
7887,9
7888,6
7889,9
7890,5
7891,3
7892,0
7893,7
7894,6
7895,0
7896,4
7897,2
7898,5
7899,6
7900,5
7901,6
7902,7
7903,0
7904,7
7905,4
7906,9
7907,0
7908,3
7909,4
7910,7
7911,8
7912,8
7913,3
7914,9
7915,6
7916,6
7917,1
7918,9
7919,7
7920,9
7921,9
7922,8
7923,4
7924,2
7925,9
7926,4
7927,8
7928,8
7929,6
7930,2
7931,2
7932,7
7933,3
7934,0
7935,1
7936,3
7937,2
7938,2
7939,9
7940,6
7941,2
7942,7
7943,6
7944,9
7945,9
7946,1
7947,0
7948,8
7949,7
7950,0
7951,1
7952,5
7953,9
7954,4
7955,9
7956,0
7957,6
7958,8
7959,0
7960,3
7961,7
7962,6
7963,0
7964,2
7965,7
7966,2
7967,9
7968,6
7969,6
7970,6
7971,2
7972,3
7973,5
7974,5
7975,0
7976,2
7977,4
7978,9
7979,5
7980,3
7981,1
7982,4
7983,2
7984,4
7985,6
7986,0
7987,7
7988,1
7989,4
7990,6
7991,5
7992,0
7993,5
7994,1
7995,9
7996,2
7997,4
7998,4
7999,3
8000,2
8001,2
8002,6
8003,4
8004,3
8005,2
8006,4
8007,5
8008,5
8009,1
8010,6
8011,9
8012,7
8013,7
8014,8
8015,7
8016,5
8017,4
8018,5
8019,9
8020,0
8021,7
8022,4
8023,4
8024,6
8025,3
8026,4
8027,5
8028,8
8029,9
8030,4
8031,1
8032,1
8033,2
8034,0
8035,9
8036,9
8037,6
8038,2
8039,7
8040,1
8041,1
8042,0
8043,7
8044,0
8045,0
8046,1
8047,3
8048,3
8049,1
8050,8
8051,3
8052,8
8053,4
8054,9
8055,1
8056,3
8057,0
8058,2
8059,4
8060,1
8061,5
8062,5
8063,6
8064,5
8065,4
8066,9
8067,9
8068,4
8069,4
8070,0
8071,9
8072,2
8073,8
8074,9
8075,6
8076,8
8077,4
8078,4
8079,4
8080,4
8081,4
8082,3
8083,0
8084,3
8085,3
8086,6
8087,2
8088,7
8089,1
8090,6
8091,4
8092,0
8093,2
8094,3
8095,7
8096,5
8097,3
8098,9
8099,3
8100,0
8101,5
8102,5
8103,3
8104,5
8105,5
8106,9
8107,8
8108,9
8109,0
8110,4
8111,1
8112,2
8113,4
8114,8
8115,2
8116,9
8117,7
8118,0
8119,1
8120,9
8121,7
8122,1
8123,5
8124,4
8125,8
8126,2
8127,6
8128,9
8129,8
8130,6
8131,6
8132,2
8133,4
8134,2
8135,0
8136,5
8137,0
8138,6
8139,8
8140,7
8141,5
8142,9
8143,4
8144,7
8145,9
8146,6
8147,5
8148,5
8149,2
8150,0
8151,9
8152,6
8153,9
8154,8
8155,6
8156,9
8157,5
8158,2
8159,5
8160,0
8161,6
8162,5
8163,9
8164,0
8165,6
8166,9
8167,1
8168,2
8169,2
8170,0
8171,1
8172,4
8173,6
8174,1
8175,5
8176,1
8177,7
8178,1
8179,4
8180,8
8181,2
8182,2
8183,0
8184,1
8185,9
8186,3
8187,8
8188,1
8189,6
8190,3
8191,1
8192,8
8193,3
8194,1
8195,1
8196,4
8197,1
8198,5
8199,4
8200,2
8201,0
8202,4
8203,5
8204,6
8205,0
8206,5
8207,7
8208,0
8209,6
8210,4
8211,6
8212,1
8213,8
8214,1
8215,7
8216,1
8217,4
8218,4
8219,2
8220,8
8221,3
8222,4
8223,1
8224,2
8225,3
8226,5
8227,3
8228,1
8229,8
8230,9
8231,3
8232,0
8233,0
8234,6
8235,3
8236,3
8237,8
8238,7
8239,7
8240,7
8241,6
8242,0
8243,4
8244,5
8245,8
8246,3
8247,8
8248,5
8249,8
8250,9
8251,2
8252,4
8253,1
8254,3
8255,3
8256,8
8257,9
8258,4
8259,6
8260,3
8261,2
8262,2
8263,2
8264,1
8265,8
8266,9
8267,0
8268,3
8269,0
8270,8
8271,9
8272,1
8273,3
8274,5
8275,9
8276,5
8277,4
8278,9
8279,0
8280,1
8281,3
8282,5
8283,2
8284,1
8285,1
8286,3
8287,1
8288,7
8289,4
8290,8
8291,8
8292,4
8293,3
8294,4
8295,1
8296,3
8297,1
8298,0
8299,0
8300,2
8301,6
8302,1
8303,7
8304,6
8305,5
8306,5
8307,2
8308,5
8309,3
8310,1
8311,2
8312,1
8313,2
8314,0
8315,4
8316,3
8317,5
8318,5
8319,2
8320,2
8321,2
8322,3
8323,6
8324,8
8325,1
8326,9
8327,9
8328,7
8329,3
8330,2
8331,6
8332,2
8333,3
8334,1
8335,8
8336,8
8337,5
8338,7
8339,3
8340,0
8341,6
8342,0
8343,1
8344,4
8345,8
8346,6
8347,6
8348,4
8349,2
8350,1
8351,3
8352,4
8353,8
8354,7
8355,0
8356,0
8357,4
8358,3
8359,3
8360,9
8361,7
8362,6
8363,3
8364,6
8365,6
8366,9
8367,3
8368,3
8369,5
8370,9
8371,3
8372,9
8373,0
8374,7
8375,5
8376,1
8377,0
8378,9
8379,9
8380,3
8381,4
8382,0
8383,8
8384,4
8385,1
8386,0
8387,1
8388,4
8389,8
8390,7
8391,5
8392,4
8393,9
8394,1
8395,8
8396,5
8397,3
8398,2
8399,2
8400,8
8401,4
8402,9
8403,2
8404,7
8405,6
8406,2
8407,2
8408,9
8409,3
8410,6
8411,3
8412,1
8413,4
8414,3
8415,8
8416,9
8417,5
8418,7
8419,7
8420,2
8421,6
8422,9
8423,1
8424,6
8425,4
8426,4
8427,0
8428,5
8429,1
8430,8
8431,9
8432,4
8433,7
8434,0
8435,7
8436,6
8437,4
8438,1
8439,3
8440,0
8441,9
8442,2
8443,4
8444,0
8445,2
8446,1
8447,8
8448,2
8449,1
8450,0
8451,5
8452,5
8453,4
8454,1
8455,2
8456,3
8457,2
8458,1
8459,6
8460,4
8461,4
8462,3
8463,9
8464,3
8465,5
8466,1
8467,7
8468,1
8469,0
8470,4
8471,3
8472,4
8473,6
8474,1
8475,8
8476,1
8477,7
8478,6
8479,9
8480,9
8481,7
8482,2
8483,2
8484,3
8485,1
8486,7
8487,6
8488,4
8489,2
8490,6
8491,3
8492,2
8493,1
8494,9
8495,4
8496,8
8497,0
8498,3
8499,8
8500,8
8501,5
8502,3
8503,0
8504,8
8505,9
8506,6
8507,9
8508,0
8509,7
8510,2
8511,2
8512,7
8513,9
8514,9
8515,6
8516,8
8517,2
8518,0
8519,5
8520,8
8521,2
8522,9
8523,1
8524,7
8525,6
8526,0
8527,3
8528,0
8529,0
8530,3
8531,2
8532,3
8533,8
8534,0
8535,8
8536,4
8537,8
8538,4
8539,9
8540,5
8541,1
8542,1
8543,2
8544,6
8545,0
8546,1
8547,9
8548,2
8549,1
8550,8
8551,7
8552,9
8553,3
8554,1
8555,6
8556,6
8557,4
8558,4
8559,1
8560,7
8561,9
8562,1
8563,6
8564,2
8565,0
8566,4
8567,8
8568,6
8569,5
8570,0
8571,0
8572,4
8573,5
8574,2
8575,3
8576,2
8577,4
8578,8
8579,5
8580,0
8581,2
8582,4
8583,8
8584,7
8585,9
8586,1
8587,8
8588,4
8589,2
8590,4
8591,8
8592,5
8593,1
8594,2
8595,0
8596,1
8597,9
8598,2
8599,8
8600,4
8601,2
8602,8
8603,6
8604,2
8605,7
8606,4
8607,9
8608,6
8609,4
8610,1
8611,0
8612,1
8613,6
8614,4
8615,2
8616,6
8617,2
8618,8
8619,7
8620,2
8621,1
8622,7
8623,3
8624,9
8625,2
8626,7
8627,9
8628,8
8629,1
8630,0
8631,9
8632,7
8633,9
8634,0
8635,5
8636,5
8637,8
8638,9
8639,3
8640,4
8641,1
8642,9
8643,0
8644,6
8645,9
8646,7
8647,6
8648,9
8649,8
8650,5
8651,7
8652,5
8653,9
8654,2
8655,1
8656,6
8657,8
8658,4
8659,9
8660,0
8661,6
8662,8
8663,4
8664,6
8665,3
8666,7
8667,6
8668,8
8669,8
8670,4
8671,9
8672,6
8673,0
8674,2
8675,8
8676,2
8677,6
8678,6
8679,7
8680,7
8681,1
8682,5
8683,8
8684,0
8685,2
8686,7
8687,3
8688,3
8689,4
8690,2
8691,5
8692,0
8693,6
8694,3
8695,9
8696,1
8697,7
8698,5
8699,7
8700,6
8701,1
8702,5
8703,0
8704,5
8705,8
8706,3
8707,9
8708,1
8709,3
8710,7
8711,4
8712,1
8713,5
8714,5
8715,7
8716,3
8717,6
8718,4
8719,7
8720,8
8721,7
8722,5
8723,3
8724,5
8725,5
8726,4
8727,3
8728,3
8729,4
8730,5
8731,0
8732,1
8733,6
8734,2
8735,1
8736,5
8737,4
8738,9
8739,0
8740,8
8741,5
8742,6
8743,6
8744,1
8745,5
8746,7
8747,1
8748,3
8749,7
8750,9
8751,8
8752,5
8753,8
8754,4
8755,4
8756,8
8757,8
8758,1
8759,8
8760,7
8761,7
8762,3
8763,1
8764,4
8765,4
8766,7
8767,2
8768,7
8769,1
8770,1
8771,1
8772,5
8773,5
8774,2
8775,8
8776,1
8777,1
8778,9
8779,9
8780,9
8781,4
8782,0
8783,2
8784,1
8785,2
8786,7
8787,3
8788,4
8789,9
8790,0
8791,7
8792,0
8793,0
8794,3
8795,7
8796,1
8797,5
8798,6
8799,2
8800,0
8801,4
8802,2
8803,5
8804,9
8805,5
8806,6
8807,5
8808,9
8809,5
8810,6
8811,2
8812,4
8813,1
8814,9
8815,6
8816,1
8817,6
8818,3
8819,6
8820,0
8821,7
8822,1
8823,4
8824,3
8825,7
8826,6
8827,0
8828,1
8829,9
8830,6
8831,2
8832,2
8833,9
8834,0
8835,3
8836,2
8837,3
8838,7
8839,1
8840,0
8841,7
8842,0
8843,7
8844,7
8845,8
8846,0
8847,5
8848,7
8849,8
8850,0
8851,0
8852,8
8853,2
8854,4
8855,4
8856,6
8857,6
8858,0
8859,7
8860,4
8861,1
8862,5
8863,7
8864,0
8865,4
8866,8
8867,0
8868,9
8869,9
8870,2
8871,9
8872,3
8873,6
8874,9
8875,2
8876,2
8877,3
8878,2
8879,9
8880,9
8881,5
8882,3
8883,6
8884,7
8885,8
8886,5
8887,3
8888,4
8889,5
8890,6
8891,6
8892,7
8893,1
8894,7
8895,1
8896,2
8897,4
8898,2
8899,7
8900,3
8901,5
8902,6
8903,7
8904,4
8905,1
8906,8
8907,7
8908,2
8909,7
8910,6
8911,8
8912,3
8913,6
8914,1
8915,0
8916,8
8917,5
8918,9
8919,6
8920,5
8921,6
8922,3
8923,6
8924,1
8925,4
8926,8
8927,3
8928,7
8929,0
8930,1
8931,6
8932,2
8933,1
8934,1
8935,4
8936,0
8937,9
8938,0
8939,7
8940,8
8941,3
8942,2
8943,2
8944,3
8945,5
8946,4
8947,1
8948,2
8949,5
8950,1
8951,6
8952,7
8953,8
8954,5
8955,2
8956,4
8957,2
8958,8
8959,8
8960,9
8961,4
8962,0
8963,4
8964,7
8965,2
8966,8
8967,1
8968,3
8969,6
8970,3
8971,1
8972,8
8973,9
8974,6
8975,2
8976,3
8977,1
8978,6
8979,0
8980,6
8981,2
8982,0
8983,1
8984,3
8985,1
8986,5
8987,9
8988,5
8989,5
8990,3
8991,7
8992,0
8993,2
8994,9
8995,2
8996,3
8997,8
8998,6
8999,5
9000,3
9001,0
9002,6
9003,5
9004,2
9005,1
9006,6
9007,2
9008,0
9009,5
9010,5
9011,0
9012,3
9013,0
9014,5
9015,6
9016,8
9017,5
9018,3
9019,6
9020,5
9021,4
9022,3
9023,6
9024,5
9025,9
9026,9
9027,6
9028,5
9029,2
9030,2
9031,5
9032,7
9033,5
9034,1
9035,3
9036,4
9037,2
9038,1
9039,7
9040,0
9041,2
9042,3
9043,7
9044,4
9045,7
9046,3
9047,0
9048,1
9049,2
9050,2
9051,2
9052,0
9053,4
9054,8
9055,2
9056,0
9057,1
9058,6
9059,7
9060,9
9061,8
9062,2
9063,8
9064,7
9065,6
9066,2
9067,1
9068,4
9069,3
9070,9
9071,6
9072,3
9073,1
9074,5
9075,2
9076,5
9077,1
9078,6
9079,1
9080,9
9081,8
9082,4
9083,1
9084,9
9085,8
9086,5
9087,0
9088,9
9089,6
9090,1
9091,3
9092,9
9093,5
9094,5
9095,3
9096,3
9097,3
9098,5
9099,9
9100,3
9101,5
9102,3
9103,5
9104,3
9105,3
9106,8
9107,8
9108,2
9109,7
9110,8
9111,6
9112,7
9113,7
9114,5
9115,6
9116,2
9117,1
9118,3
9119,8
9120,7
9121,4
9122,8
9123,7
9124,5
9125,2
9126,2
9127,5
9128,1
9129,7
9130,7
9131,5
9132,0
9133,3
9134,8
9135,5
9136,6
9137,5
9138,5
9139,6
9140,8
9141,1
9142,7
9143,1
9144,4
9145,1
9146,4
9147,1
9148,3
9149,7
9150,4
9151,9
9152,6
9153,0
9154,8
9155,1
9156,3
9157,3
9158,1
9159,3
9160,3
9161,4
9162,1
9163,3
9164,0
9165,2
9166,4
9167,6
9168,4
9169,7
9170,5
9171,4
9172,4
9173,8
9174,2
9175,3
9176,1
9177,7
9178,0
9179,3
9180,3
9181,5
9182,5
9183,8
9184,9
9185,0
9186,4
9187,5
9188,3
9189,7
9190,6
9191,1
9192,5
9193,2
9194,1
9195,0
9196,6
9197,8
9198,5
9199,1
9200,8
9201,9
9202,3
9203,5
9204,5
9205,3
9206,2
9207,1
9208,9
9209,9
9210,2
9211,8
9212,7
9213,9
9214,1
9215,7
9216,9
9217,4
9218,6
9219,8
9220,5
9221,5
9222,3
9223,2
9224,7
9225,0
9226,3
9227,2
9228,5
9229,3
9230,2
9231,7
9232,4
9233,1
9234,6
9235,7
9236,3
9237,1
9238,9
9239,5
9240,7
9241,9
9242,1
9243,5
9244,2
9245,7
9246,0
9247,2
9248,8
9249,3
9250,9
9251,7
9252,2
9253,9
9254,4
9255,3
9256,4
9257,1
9258,4
9259,9
9260,8
9261,6
9262,4
9263,7
9264,4
9265,8
9266,2
9267,6
9268,9
9269,4
9270,8
9271,4
9272,8
9273,2
9274,1
9275,1
9276,3
9277,9
9278,7
9279,5
9280,9
9281,8
9282,7
9283,1
9284,9
9285,1
9286,0
9287,8
9288,9
9289,1
9290,9
9291,4
9292,5
9293,1
9294,0
9295,1
9296,7
9297,6
9298,3
9299,7
9300,3
9301,3
9302,0
9303,9
9304,6
9305,3
9306,4
9307,5
9308,7
9309,8
9310,0
9311,6
9312,8
9313,3
9314,1
9315,7
9316,4
9317,1
9318,0
9319,2
9320,3
9321,7
9322,0
9323,7
9324,1
9325,8
9326,6
9327,7
9328,7
9329,2
9330,6
9331,3
9332,5
9333,1
9334,6
9335,9
9336,6
9337,5
9338,5
9339,4
9340,8
9341,9
9342,8
9343,6
9344,3
9345,3
9346,3
9347,1
9348,1
9349,1
9350,3
9351,4
9352,7
9353,1
9354,7
9355,8
9356,1
9357,5
9358,3
9359,7
9360,0
9361,8
9362,4
9363,6
9364,1
9365,5
9366,5
9367,3
9368,3
9369,5
9370,8
9371,9
9372,3
9373,4
9374,5
9375,9
9376,6
9377,1
9378,0
9379,3
9380,9
9381,4
9382,2
9383,3
9384,2
9385,4
9386,4
9387,8
9388,1
9389,0
9390,8
9391,1
9392,3
9393,7
9394,4
9395,7
9396,7
9397,3
9398,5
9399,2
9400,5
9401,2
9402,9
9403,0
9404,3
9405,6
9406,8
9407,3
9408,1
9409,0
9410,9
9411,1
9412,5
9413,0
9414,3
9415,3
9416,3
9417,2
9418,8
9419,1
9420,6
9421,5
9422,7
9423,9
9424,1
9425,1
9426,9
9427,3
9428,0
9429,3
9430,8
9431,0
9432,4
9433,8
9434,5
9435,2
9436,4
9437,3
9438,8
9439,7
9440,2
9441,2
9442,5
9443,9
9444,6
9445,8
9446,7
9447,8
9448,2
9449,3
9450,4
9451,3
9452,0
9453,2
9454,2
9455,2
9456,9
9457,3
9458,0
9459,9
9460,2
9461,3
9462,9
9463,9
9464,4
9465,0
9466,3
9467,9
9468,1
9469,3
9470,7
9471,0
9472,4
9473,8
9474,3
9475,7
9476,1
9477,2
9478,5
9479,3
9480,7
9481,4
9482,2
9483,1
9484,9
9485,1
9486,8
9487,4
9488,9
9489,7
9490,9
9491,0
9492,2
9493,3
9494,9
9495,3
9496,1
9497,9
9498,1
9499,3
9500,5
9501,0
9502,6
9503,7
9504,6
9505,5
9506,1
9507,9
9508,9
9509,0
9510,5
9511,7
9512,8
9513,1
9514,1
9515,0
9516,8
9517,4
9518,5
9519,8
9520,5
9521,1
9522,5
9523,0
9524,6
9525,1
9526,4
9527,2
9528,6
9529,1
9530,4
9531,5
9532,0
9533,7
9534,3
9535,8
9536,9
9537,9
9538,1
9539,2
9540,6
9541,6
9542,6
9543,4
9544,2
9545,5
9546,0
9547,0
9548,0
9549,1
9550,2
9551,0
9552,4
9553,5
9554,7
9555,8
9556,4
9557,6
9558,7
9559,6
9560,2
9561,3
9562,0
9563,3
9564,6
9565,2
9566,3
9567,6
9568,7
9569,1
9570,3
9571,9
9572,8
9573,1
9574,8
9575,2
9576,2
9577,5
9578,8
9579,1
9580,5
9581,3
9582,9
9583,3
9584,9
9585,1
9586,4
9587,1
9588,5
9589,2
9590,8
9591,3
9592,3
9593,3
9594,5
9595,1
9596,8
9597,1
9598,6
9599,8
9600,8
9601,6
9602,5
9603,9
9604,6
9605,7
9606,6
9607,3
9608,6
9609,3
9610,4
9611,1
9612,4
9613,2
9614,3
9615,6
9616,5
9617,8
9618,5
9619,8
9620,7
9621,2
9622,3
9623,2
9624,4
9625,6
9626,0
9627,8
9628,3
9629,0
9630,4
9631,0
9632,6
9633,4
9634,4
9635,4
9636,6
9637,8
9638,8
9639,6
9640,6
9641,6
9642,2
9643,3
9644,4
9645,6
9646,1
9647,9
9648,4
9649,5
9650,4
9651,6
9652,1
9653,5
9654,8
9655,6
9656,2
9657,0
9658,3
9659,2
9660,0
9661,1
9662,0
9663,4
9664,4
9665,6
9666,4
9667,4
9668,3
9669,6
9670,3
9671,1
9672,7
9673,4
9674,1
9675,9
9676,9
9677,8
9678,3
9679,2
9680,5
9681,0
9682,2
9683,2
9684,1
9685,7
9686,4
9687,6
9688,9
9689,8
9690,5
9691,2
9692,3
9693,7
9694,1
9695,7
9696,2
9697,8
9698,7
9699,1
9700,4
9701,1
9702,8
9703,1
9704,6
9705,9
9706,4
9707,4
9708,6
9709,1
9710,7
9711,3
9712,4
9713,3
9714,2
9715,1
9716,0
9717,7
9718,5
9719,3
9720,5
9721,8
9722,8
9723,7
9724,1
9725,2
9726,2
9727,5
9728,4
9729,2
9730,9
9731,7
9732,1
9733,2
9734,7
9735,1
9736,6
9737,7
9738,3
9739,8
9740,0
9741,6
9742,8
9743,7
9744,6
9745,2
9746,9
9747,8
9748,9
9749,5
9750,4
9751,2
9752,9
9753,7
9754,6
9755,1
9756,5
9757,7
9758,6
9759,0
9760,4
9761,3
9762,0
9763,0
9764,4
9765,8
9766,8
9767,1
9768,4
9769,3
9770,0
9771,1
9772,1
9773,8
9774,5
9775,1
9776,9
9777,6
9778,0
9779,5
9780,1
9781,1
9782,1
9783,8
9784,6
9785,2
9786,3
9787,6
9788,2
9789,0
9790,0
9791,4
9792,6
9793,7
9794,2
9795,0
9796,3
9797,6
9798,7
9799,1
9800,1
9801,2
9802,1
9803,5
9804,4
9805,2
9806,5
9807,6
9808,8
9809,9
9810,4
9811,7
9812,2
9813,8
9814,8
9815,2
9816,2
9817,5
9818,5
9819,1
9820,8
9821,7
9822,0
9823,8
9824,2
9825,0
9826,4
9827,5
9828,8
9829,9
9830,4
9831,5
9832,4
9833,3
9834,1
9835,4
9836,3
9837,6
9838,6
9839,6
9840,9
9841,4
9842,9
9843,2
9844,8
9845,6
9846,6
9847,5
9848,7
9849,5
9850,6
9851,7
9852,9
9853,8
9854,9
9855,1
9856,7
9857,4
9858,1
9859,7
9860,9
9861,0
9862,4
9863,6
9864,8
9865,3
9866,3
9867,7
9868,3
9869,6
9870,0
9871,0
9872,0
9873,5
9874,3
9875,1
9876,9
9877,2
9878,0
9879,9
9880,8
9881,9
9882,8
9883,6
9884,9
9885,1
9886,7
9887,6
9888,5
9889,1
9890,8
9891,0
9892,5
9893,4
9894,1
9895,1
9896,3
9897,0
9898,2
9899,5
9900,1
9901,2
9902,0
9903,1
9904,5
9905,2
9906,9
9907,4
9908,2
9909,3
9910,8
9911,4
9912,9
9913,9
9914,1
9915,2
9916,5
9917,7
9918,6
9919,3
9920,6
9921,9
9922,0
9923,4
9924,4
9925,1
9926,1
9927,2
9928,3
9929,1
9930,2
9931,7
9932,1
9933,8
9934,0
9935,4
9936,8
9937,6
9938,3
9939,1
9940,5
9941,6
9942,7
9943,3
9944,2
9945,5
9946,2
9947,4
9948,6
9949,9
9950,5
9951,2
9952,0
9953,1
9954,7
9955,3
9956,8
9957,5
9958,2
9959,6
9960,9
9961,8
9962,1
9963,8
9964,6
9965,9
9966,8
9967,6
9968,1
9969,4
9970,2
9971,2
9972,7
9973,3
9974,7
9975,6
9976,5
9977,3
9978,3
9979,7
9980,9
9981,3
9982,9
9983,1
9984,1
9985,5
9986,9
9987,0
9988,5
9989,6
9990,8
9991,5
9992,4
9993,7
9994,7
9995,5
9996,8
9997,9
9998,2
9999,2
10000,9
